0.1133420467376709,0,record/0.png
0.21184301376342773,1,record/1.png
0.3136861324310303,2,record/2.png
0.4122440814971924,3,record/3.png
0.5141580104827881,4,record/4.png
0.6134951114654541,5,record/5.png
0.7116951942443848,6,record/6.png
0.8138082027435303,7,record/7.png
0.9144320487976074,8,record/8.png
1.013556957244873,9,record/9.png
1.112173080444336,10,record/10.png
1.2120959758758545,11,record/11.png
1.3141131401062012,12,record/12.png
1.4122428894042969,13,record/13.png
1.5141880512237549,14,record/14.png
1.6117770671844482,15,record/15.png
1.7143380641937256,16,record/16.png
1.8121840953826904,17,record/17.png
1.9128990173339844,18,record/18.png
2.0114049911499023,19,record/19.png
2.110982894897461,20,record/20.png
2.212890863418579,21,record/21.png
2.3115499019622803,22,record/22.png
2.4114990234375,23,record/23.png
2.5115339756011963,24,record/24.png
2.6099488735198975,25,record/25.png
2.711189031600952,26,record/26.png
2.811984062194824,27,record/27.png
2.9118380546569824,28,record/28.png
3.0119900703430176,29,record/29.png
3.111037015914917,30,record/30.png
3.2118000984191895,31,record/31.png
3.311931848526001,32,record/32.png
3.4117178916931152,33,record/33.png
3.517679214477539,34,record/34.png
3.612290143966675,35,record/35.png
3.712723970413208,36,record/36.png
3.8131980895996094,37,record/37.png
3.9116339683532715,38,record/38.png
4.013456106185913,39,record/39.png
4.145402193069458,40,record/40.png
4.246937036514282,41,record/41.png
4.344855070114136,42,record/42.png
4.443726062774658,43,record/43.png
4.54573392868042,44,record/44.png
4.643944978713989,45,record/45.png
4.744314193725586,46,record/46.png
4.844247102737427,47,record/47.png
4.945704936981201,48,record/48.png
5.077142000198364,49,record/49.png
5.178768157958984,50,record/50.png
5.278228998184204,51,record/51.png
5.38106894493103,52,record/52.png
5.476993083953857,53,record/53.png
5.5798020362854,54,record/54.png
5.6762659549713135,55,record/55.png
5.878110885620117,56,record/56.png
5.98288893699646,57,record/57.png
6.077701807022095,58,record/58.png
6.177064895629883,59,record/59.png
6.278853893280029,60,record/60.png
6.378457069396973,61,record/61.png
6.478001832962036,62,record/62.png
6.576827049255371,63,record/63.png
6.678616046905518,64,record/64.png
6.778368949890137,65,record/65.png
6.87742805480957,66,record/66.png
6.977058172225952,67,record/67.png
7.079079866409302,68,record/68.png
7.179455041885376,69,record/69.png
7.277131080627441,70,record/70.png
7.376912832260132,71,record/71.png
7.47868800163269,72,record/72.png
7.577027082443237,73,record/73.png
7.6780359745025635,74,record/74.png
7.776962041854858,75,record/75.png
7.877936124801636,76,record/76.png
7.977730989456177,77,record/77.png
8.07616901397705,78,record/78.png
8.18027114868164,79,record/79.png
8.276888132095337,80,record/80.png
8.375367879867554,81,record/81.png
8.475394010543823,82,record/82.png
8.575971126556396,83,record/83.png
8.676337957382202,84,record/84.png
8.77618408203125,85,record/85.png
8.876235008239746,86,record/86.png
8.9794180393219,87,record/87.png
9.074860095977783,88,record/88.png
9.176581144332886,89,record/89.png
9.27701711654663,90,record/90.png
9.375194787979126,91,record/91.png
9.514388084411621,92,record/92.png
9.610242128372192,93,record/93.png
9.708836078643799,94,record/94.png
9.81005311012268,95,record/95.png
9.90906810760498,96,record/96.png
10.010924100875854,97,record/97.png
10.108521938323975,98,record/98.png
10.209387063980103,99,record/99.png
10.309283018112183,100,record/100.png
10.4098801612854,101,record/101.png
10.513305187225342,102,record/102.png
10.608393907546997,103,record/103.png
10.709716081619263,104,record/104.png
10.809282064437866,105,record/105.png
10.910902976989746,106,record/106.png
11.008900165557861,107,record/107.png
11.108160972595215,108,record/108.png
11.208408117294312,109,record/109.png
11.312416076660156,110,record/110.png
11.444936990737915,111,record/111.png
11.543833017349243,112,record/112.png
11.644518852233887,113,record/113.png
11.74510908126831,114,record/114.png
11.84444808959961,115,record/115.png
11.944638967514038,116,record/116.png
12.043422937393188,117,record/117.png
12.143080949783325,118,record/118.png
12.243659019470215,119,record/119.png
12.343348026275635,120,record/120.png
12.442986965179443,121,record/121.png
12.540908098220825,122,record/122.png
12.641875982284546,123,record/123.png
12.744894981384277,124,record/124.png
12.842404127120972,125,record/125.png
12.943002223968506,126,record/126.png
13.044235944747925,127,record/127.png
13.142668962478638,128,record/128.png
13.243818998336792,129,record/129.png
13.34296703338623,130,record/130.png
13.441520929336548,131,record/131.png
13.542353868484497,132,record/132.png
13.641366958618164,133,record/133.png
13.741399049758911,134,record/134.png
13.84243106842041,135,record/135.png
13.944843053817749,136,record/136.png
14.074256896972656,137,record/137.png
14.175582885742188,138,record/138.png
14.273359060287476,139,record/139.png
14.374260902404785,140,record/140.png
14.475553035736084,141,record/141.png
14.573832035064697,142,record/142.png
14.675741910934448,143,record/143.png
14.774765968322754,144,record/144.png
14.875686883926392,145,record/145.png
14.974945068359375,146,record/146.png
15.076442956924438,147,record/147.png
15.177556037902832,148,record/148.png
15.273792028427124,149,record/149.png
15.375307083129883,150,record/150.png
15.473265886306763,151,record/151.png
15.674734115600586,152,record/152.png
15.808507919311523,153,record/153.png
15.91043496131897,154,record/154.png
16.00864315032959,155,record/155.png
16.108559131622314,156,record/156.png
16.205682039260864,157,record/157.png
16.306663990020752,158,record/158.png
16.40693497657776,159,record/159.png
16.507066011428833,160,record/160.png
16.607404947280884,161,record/161.png
16.70624303817749,162,record/162.png
16.807637929916382,163,record/163.png
16.907856941223145,164,record/164.png
17.008176803588867,165,record/165.png
17.10800004005432,166,record/166.png
17.208173036575317,167,record/167.png
17.307644844055176,168,record/168.png
17.40729594230652,169,record/169.png
17.507616996765137,170,record/170.png
17.60897207260132,171,record/171.png
17.706767082214355,172,record/172.png
17.80698800086975,173,record/173.png
17.90683102607727,174,record/174.png
18.006768226623535,175,record/175.png
18.107813119888306,176,record/176.png
18.207026958465576,177,record/177.png
18.307453870773315,178,record/178.png
18.407499074935913,179,record/179.png
18.507088899612427,180,record/180.png
18.60669708251953,181,record/181.png
18.708534955978394,182,record/182.png
18.807963848114014,183,record/183.png
18.906203985214233,184,record/184.png
19.009464979171753,185,record/185.png
19.107513189315796,186,record/186.png
19.208973169326782,187,record/187.png
19.306157112121582,188,record/188.png
19.405334949493408,189,record/189.png
19.510138034820557,190,record/190.png
19.60441303253174,191,record/191.png
19.706130027770996,192,record/192.png
19.805804014205933,193,record/193.png
19.906694889068604,194,record/194.png
20.00760006904602,195,record/195.png
20.108098030090332,196,record/196.png
20.205666065216064,197,record/197.png
20.307525873184204,198,record/198.png
20.406636953353882,199,record/199.png
20.511749982833862,200,record/200.png
20.603752851486206,201,record/201.png
20.705085039138794,202,record/202.png
20.805699110031128,203,record/203.png
20.907089948654175,204,record/204.png
21.008883953094482,205,record/205.png
21.107208967208862,206,record/206.png
21.204519033432007,207,record/207.png
21.304881811141968,208,record/208.png
21.40732216835022,209,record/209.png
21.51001000404358,210,record/210.png
21.60659408569336,211,record/211.png
21.706801891326904,212,record/212.png
21.80505609512329,213,record/213.png
21.906702041625977,214,record/214.png
22.00578784942627,215,record/215.png
22.10480523109436,216,record/216.png
22.205520153045654,217,record/217.png
22.306276082992554,218,record/218.png
22.40677499771118,219,record/219.png
22.513470888137817,220,record/220.png
22.6058931350708,221,record/221.png
22.708590030670166,222,record/222.png
22.807361125946045,223,record/223.png
22.942898988723755,224,record/224.png
23.03932285308838,225,record/225.png
23.141511917114258,226,record/226.png
23.23730707168579,227,record/227.png
23.339823007583618,228,record/228.png
23.438129901885986,229,record/229.png
23.538207054138184,230,record/230.png
23.63821005821228,231,record/231.png
23.74103593826294,232,record/232.png
23.836930990219116,233,record/233.png
23.939390897750854,234,record/234.png
24.037625074386597,235,record/235.png
24.138065814971924,236,record/236.png
24.237889051437378,237,record/237.png
24.33842706680298,238,record/238.png
24.43695592880249,239,record/239.png
24.53832197189331,240,record/240.png
24.63723397254944,241,record/241.png
24.737667083740234,242,record/242.png
24.83778691291809,243,record/243.png
24.938923120498657,244,record/244.png
25.03551697731018,245,record/245.png
25.138674020767212,246,record/246.png
25.238969087600708,247,record/247.png
25.339664936065674,248,record/248.png
25.438217878341675,249,record/249.png
25.538576126098633,250,record/250.png
25.63793110847473,251,record/251.png
25.739070892333984,252,record/252.png
25.83623695373535,253,record/253.png
25.93747615814209,254,record/254.png
26.03712511062622,255,record/255.png
26.139552116394043,256,record/256.png
26.236698150634766,257,record/257.png
26.336456060409546,258,record/258.png
26.437191009521484,259,record/259.png
26.537863969802856,260,record/260.png
26.64084815979004,261,record/261.png
26.735452890396118,262,record/262.png
26.835742950439453,263,record/263.png
26.93941307067871,264,record/264.png
27.03855586051941,265,record/265.png
27.137829780578613,266,record/266.png
27.238396883010864,267,record/267.png
27.336477041244507,268,record/268.png
27.437088012695312,269,record/269.png
27.535274982452393,270,record/270.png
27.636019945144653,271,record/271.png
27.736794233322144,272,record/272.png
27.83663582801819,273,record/273.png
27.969751119613647,274,record/274.png
28.0707950592041,275,record/275.png
28.170301914215088,276,record/276.png
28.307642221450806,277,record/277.png
28.40409016609192,278,record/278.png
28.503005981445312,279,record/279.png
28.602458000183105,280,record/280.png
28.703853130340576,281,record/281.png
28.802384853363037,282,record/282.png
28.9046950340271,283,record/283.png
29.001893997192383,284,record/284.png
29.102452993392944,285,record/285.png
29.203500986099243,286,record/286.png
29.30982494354248,287,record/287.png
29.399089813232422,288,record/288.png
29.502277135849,289,record/289.png
29.59886598587036,290,record/290.png
29.700303077697754,291,record/291.png
29.79850196838379,292,record/292.png
29.898627996444702,293,record/293.png
29.999157905578613,294,record/294.png
30.098544120788574,295,record/295.png
30.19866180419922,296,record/296.png
30.30022096633911,297,record/297.png
30.39869499206543,298,record/298.png
30.497270107269287,299,record/299.png
30.596966981887817,300,record/300.png
30.66403293609619,301,record/301.png
30.7641499042511,302,record/302.png
30.86505389213562,303,record/303.png
30.96810793876648,304,record/304.png
31.06563091278076,305,record/305.png
31.166815996170044,306,record/306.png
31.26564311981201,307,record/307.png
31.365458965301514,308,record/308.png
31.465806007385254,309,record/309.png
31.56553077697754,310,record/310.png
31.66629981994629,311,record/311.png
31.768134832382202,312,record/312.png
31.864778995513916,313,record/313.png
31.967825889587402,314,record/314.png
32.06474709510803,315,record/315.png
32.16616702079773,316,record/316.png
32.26576900482178,317,record/317.png
32.366108894348145,318,record/318.png
32.465137004852295,319,record/319.png
32.56444501876831,320,record/320.png
32.66457390785217,321,record/321.png
32.76583194732666,322,record/322.png
32.8647038936615,323,record/323.png
32.9641809463501,324,record/324.png
33.06394600868225,325,record/325.png
33.1647310256958,326,record/326.png
33.26361393928528,327,record/327.png
33.364304065704346,328,record/328.png
33.463988065719604,329,record/329.png
33.56342101097107,330,record/330.png
33.66481399536133,331,record/331.png
33.764325857162476,332,record/332.png
33.86495518684387,333,record/333.png
33.96433401107788,334,record/334.png
34.06379008293152,335,record/335.png
34.16511511802673,336,record/336.png
34.26375699043274,337,record/337.png
34.3712100982666,338,record/338.png
34.504148960113525,339,record/339.png
34.60092902183533,340,record/340.png
34.7006950378418,341,record/341.png
34.80034780502319,342,record/342.png
34.93385100364685,343,record/343.png
35.03821110725403,344,record/344.png
35.134799003601074,345,record/345.png
35.23670411109924,346,record/346.png
35.33569002151489,347,record/347.png
35.4354989528656,348,record/348.png
35.53734493255615,349,record/349.png
35.6350519657135,350,record/350.png
35.734588861465454,351,record/351.png
35.83362793922424,352,record/352.png
35.96645498275757,353,record/353.png
36.0672869682312,354,record/354.png
36.168277978897095,355,record/355.png
36.26937913894653,356,record/356.png
36.369147062301636,357,record/357.png
36.50853514671326,358,record/358.png
36.59939002990723,359,record/359.png
36.70123219490051,360,record/360.png
36.79931116104126,361,record/361.png
36.900455951690674,362,record/362.png
37.001296043395996,363,record/363.png
37.099610805511475,364,record/364.png
37.20009803771973,365,record/365.png
37.30143213272095,366,record/366.png
37.399269104003906,367,record/367.png
37.50628209114075,368,record/368.png
37.59870910644531,369,record/369.png
37.70129203796387,370,record/370.png
37.79968214035034,371,record/371.png
37.90120601654053,372,record/372.png
38.0019850730896,373,record/373.png
38.099404096603394,374,record/374.png
38.20156502723694,375,record/375.png
38.298993825912476,376,record/376.png
38.40225100517273,377,record/377.png
38.53371500968933,378,record/378.png
38.63357210159302,379,record/379.png
38.734426975250244,380,record/380.png
38.83316993713379,381,record/381.png
38.93414807319641,382,record/382.png
39.033095836639404,383,record/383.png
39.13149380683899,384,record/384.png
39.23560094833374,385,record/385.png
39.33337903022766,386,record/386.png
39.43246006965637,387,record/387.png
39.535784006118774,388,record/388.png
39.632676124572754,389,record/389.png
39.732019901275635,390,record/390.png
39.83209800720215,391,record/391.png
39.93351602554321,392,record/392.png
40.0333571434021,393,record/393.png
40.16840386390686,394,record/394.png
40.29978013038635,395,record/395.png
40.400649070739746,396,record/396.png
40.501230001449585,397,record/397.png
40.59739708900452,398,record/398.png
40.697680950164795,399,record/399.png
40.80082893371582,400,record/400.png
40.89930486679077,401,record/401.png
41.00204110145569,402,record/402.png
41.09899592399597,403,record/403.png
41.20074915885925,404,record/404.png
41.299187898635864,405,record/405.png
41.3989679813385,406,record/406.png
41.50170111656189,407,record/407.png
41.59405303001404,408,record/408.png
41.695547103881836,409,record/409.png
41.794883012771606,410,record/410.png
41.895995140075684,411,record/411.png
41.994011878967285,412,record/412.png
42.09454321861267,413,record/413.png
42.1935830116272,414,record/414.png
42.29635000228882,415,record/415.png
42.39436912536621,416,record/416.png
42.49422478675842,417,record/417.png
42.59461188316345,418,record/418.png
42.69403910636902,419,record/419.png
42.79355502128601,420,record/420.png
42.89436912536621,421,record/421.png
42.99454116821289,422,record/422.png
43.09557294845581,423,record/423.png
43.19433808326721,424,record/424.png
43.29691004753113,425,record/425.png
43.39506506919861,426,record/426.png
43.49431800842285,427,record/427.png
43.5939519405365,428,record/428.png
43.69380307197571,429,record/429.png
43.79518008232117,430,record/430.png
43.89491295814514,431,record/431.png
43.993618965148926,432,record/432.png
44.094460010528564,433,record/433.png
44.19322490692139,434,record/434.png
44.29420709609985,435,record/435.png
44.39463710784912,436,record/436.png
44.49375104904175,437,record/437.png
44.594659090042114,438,record/438.png
44.69293999671936,439,record/439.png
44.79405689239502,440,record/440.png
44.892932176589966,441,record/441.png
44.9927659034729,442,record/442.png
45.09369611740112,443,record/443.png
45.19503903388977,444,record/444.png
45.29302501678467,445,record/445.png
45.393508195877075,446,record/446.png
45.49467206001282,447,record/447.png
45.59291386604309,448,record/448.png
45.693341970443726,449,record/449.png
45.7946240901947,450,record/450.png
45.8925039768219,451,record/451.png
45.99355912208557,452,record/452.png
46.093242168426514,453,record/453.png
46.19298601150513,454,record/454.png
46.293891191482544,455,record/455.png
46.392784118652344,456,record/456.png
46.4928240776062,457,record/457.png
46.59817910194397,458,record/458.png
46.69834280014038,459,record/459.png
46.799728870391846,460,record/460.png
46.89655900001526,461,record/461.png
46.99708795547485,462,record/462.png
47.09661316871643,463,record/463.png
47.19708704948425,464,record/464.png
47.29663419723511,465,record/465.png
47.39775586128235,466,record/466.png
47.49969506263733,467,record/467.png
47.59809684753418,468,record/468.png
47.70030212402344,469,record/469.png
47.79765605926514,470,record/470.png
47.898765087127686,471,record/471.png
47.997406005859375,472,record/472.png
48.095606088638306,473,record/473.png
48.19755506515503,474,record/474.png
48.29680418968201,475,record/475.png
48.39779496192932,476,record/476.png
48.500417947769165,477,record/477.png
48.59673285484314,478,record/478.png
48.696584939956665,479,record/479.png
48.800026178359985,480,record/480.png
48.896933794021606,481,record/481.png
48.9983868598938,482,record/482.png
49.0970721244812,483,record/483.png
49.195965051651,484,record/484.png
49.298054933547974,485,record/485.png
49.397181034088135,486,record/486.png
49.530494928359985,487,record/487.png
49.63023114204407,488,record/488.png
49.729575872421265,489,record/489.png
49.82892203330994,490,record/490.png
49.928975105285645,491,record/491.png
50.03171706199646,492,record/492.png
50.12960410118103,493,record/493.png
50.23008108139038,494,record/494.png
50.33049297332764,495,record/495.png
50.42857503890991,496,record/496.png
50.53141498565674,497,record/497.png
50.62855911254883,498,record/498.png
50.73058605194092,499,record/499.png
50.82975506782532,500,record/500.png
50.929689168930054,501,record/501.png
51.03079915046692,502,record/502.png
51.161872148513794,503,record/503.png
51.26293897628784,504,record/504.png
51.3633930683136,505,record/505.png
51.46257519721985,506,record/506.png
51.56123900413513,507,record/507.png
51.661601066589355,508,record/508.png
51.76324820518494,509,record/509.png
51.861552238464355,510,record/510.png
51.96304988861084,511,record/511.png
52.062439918518066,512,record/512.png
52.162899017333984,513,record/513.png
52.26030898094177,514,record/514.png
52.36200714111328,515,record/515.png
52.46012592315674,516,record/516.png
52.561683893203735,517,record/517.png
52.66055703163147,518,record/518.png
52.75987195968628,519,record/519.png
52.86300015449524,520,record/520.png
52.96334409713745,521,record/521.png
53.06180810928345,522,record/522.png
53.1645770072937,523,record/523.png
53.26412391662598,524,record/524.png
53.36446785926819,525,record/525.png
53.461228132247925,526,record/526.png
53.559930086135864,527,record/527.png
53.66151404380798,528,record/528.png
53.76221799850464,529,record/529.png
53.85976505279541,530,record/530.png
53.96123218536377,531,record/531.png
54.06307291984558,532,record/532.png
54.162482023239136,533,record/533.png
54.26331400871277,534,record/534.png
54.36113405227661,535,record/535.png
54.46319580078125,536,record/536.png
54.56069612503052,537,record/537.png
54.662400007247925,538,record/538.png
54.760682106018066,539,record/539.png
54.86440396308899,540,record/540.png
54.96204710006714,541,record/541.png
55.06212615966797,542,record/542.png
55.16150403022766,543,record/543.png
55.26195192337036,544,record/544.png
55.36117506027222,545,record/545.png
55.462096214294434,546,record/546.png
55.561578035354614,547,record/547.png
55.659937143325806,548,record/548.png
55.76269221305847,549,record/549.png
55.86152195930481,550,record/550.png
55.9617280960083,551,record/551.png
56.05905795097351,552,record/552.png
56.1612229347229,553,record/553.png
56.26099896430969,554,record/554.png
56.3602020740509,555,record/555.png
56.462316036224365,556,record/556.png
56.559245109558105,557,record/557.png
56.66237688064575,558,record/558.png
56.76114106178284,559,record/559.png
56.86145997047424,560,record/560.png
56.96045207977295,561,record/561.png
57.060848236083984,562,record/562.png
57.160837173461914,563,record/563.png
57.26007914543152,564,record/564.png
57.359516859054565,565,record/565.png
57.46080207824707,566,record/566.png
57.559804916381836,567,record/567.png
57.6609091758728,568,record/568.png
57.758979082107544,569,record/569.png
57.86075282096863,570,record/570.png
57.99301600456238,571,record/571.png
58.09496283531189,572,record/572.png
58.19383406639099,573,record/573.png
58.29260492324829,574,record/574.png
58.3925199508667,575,record/575.png
58.49819016456604,576,record/576.png
58.593409061431885,577,record/577.png
58.692723989486694,578,record/578.png
58.82743191719055,579,record/579.png
58.92951202392578,580,record/580.png
59.027053117752075,581,record/581.png
59.127521991729736,582,record/582.png
59.228119134902954,583,record/583.png
59.32813215255737,584,record/584.png
59.45877194404602,585,record/585.png
59.5599479675293,586,record/586.png
59.66147303581238,587,record/587.png
59.76169180870056,588,record/588.png
59.89254593849182,589,record/589.png
59.99295115470886,590,record/590.png
60.09571409225464,591,record/591.png
60.19472002983093,592,record/592.png
60.29507088661194,593,record/593.png
60.39361906051636,594,record/594.png
60.49401497840881,595,record/595.png
60.592535972595215,596,record/596.png
60.691643953323364,597,record/597.png
60.79177498817444,598,record/598.png
60.89293098449707,599,record/599.png
60.99141597747803,600,record/600.png
61.09414982795715,601,record/601.png
61.1920530796051,602,record/602.png
61.2908148765564,603,record/603.png
61.392067193984985,604,record/604.png
61.49576807022095,605,record/605.png
61.59273600578308,606,record/606.png
61.6934700012207,607,record/607.png
61.79221701622009,608,record/608.png
61.893848180770874,609,record/609.png
61.99270510673523,610,record/610.png
62.093040227890015,611,record/611.png
62.1922709941864,612,record/612.png
62.2927520275116,613,record/613.png
62.392683029174805,614,record/614.png
62.491290807724,615,record/615.png
62.59016013145447,616,record/616.png
62.69174289703369,617,record/617.png
62.790241956710815,618,record/618.png
62.89021706581116,619,record/619.png
62.99111604690552,620,record/620.png
63.09251403808594,621,record/621.png
63.19096398353577,622,record/622.png
63.29524612426758,623,record/623.png
63.39224100112915,624,record/624.png
63.48948407173157,625,record/625.png
63.590781927108765,626,record/626.png
63.69145488739014,627,record/627.png
63.79180908203125,628,record/628.png
63.890902042388916,629,record/629.png
63.99187707901001,630,record/630.png
64.0908989906311,631,record/631.png
64.1926109790802,632,record/632.png
64.2916829586029,633,record/633.png
64.39264416694641,634,record/634.png
64.49339294433594,635,record/635.png
64.59012985229492,636,record/636.png
64.69063591957092,637,record/637.png
64.78928208351135,638,record/638.png
64.89061403274536,639,record/639.png
64.99030613899231,640,record/640.png
65.08982396125793,641,record/641.png
65.19087100028992,642,record/642.png
65.29035019874573,643,record/643.png
65.38942909240723,644,record/644.png
65.49116206169128,645,record/645.png
65.58950710296631,646,record/646.png
65.68981194496155,647,record/647.png
65.78952097892761,648,record/648.png
65.89005398750305,649,record/649.png
65.99001908302307,650,record/650.png
66.09021997451782,651,record/651.png
66.19070792198181,652,record/652.png
66.29053497314453,653,record/653.png
66.39069890975952,654,record/654.png
66.49076509475708,655,record/655.png
66.58853197097778,656,record/656.png
66.69267296791077,657,record/657.png
66.79120898246765,658,record/658.png
66.89230799674988,659,record/659.png
66.99040102958679,660,record/660.png
67.09195709228516,661,record/661.png
67.19197487831116,662,record/662.png
67.29053688049316,663,record/663.png
67.39294004440308,664,record/664.png
67.49083805084229,665,record/665.png
67.5897569656372,666,record/666.png
67.6894268989563,667,record/667.png
67.7900128364563,668,record/668.png
67.88863682746887,669,record/669.png
67.99150013923645,670,record/670.png
68.08925795555115,671,record/671.png
68.19379782676697,672,record/672.png
68.28937005996704,673,record/673.png
68.39124989509583,674,record/674.png
68.4934458732605,675,record/675.png
68.5866858959198,676,record/676.png
68.68525314331055,677,record/677.png
68.78752398490906,678,record/678.png
68.88600182533264,679,record/679.png
68.98733305931091,680,record/680.png
69.0854139328003,681,record/681.png
69.18759202957153,682,record/682.png
69.28665494918823,683,record/683.png
69.38661599159241,684,record/684.png
69.48586916923523,685,record/685.png
69.58726286888123,686,record/686.png
69.68531703948975,687,record/687.png
69.78507280349731,688,record/688.png
69.88534593582153,689,record/689.png
69.98517203330994,690,record/690.png
70.08486914634705,691,record/691.png
70.18491101264954,692,record/692.png
70.28628206253052,693,record/693.png
70.38612294197083,694,record/694.png
70.48572707176208,695,record/695.png
70.58537006378174,696,record/696.png
70.68562197685242,697,record/697.png
70.78658604621887,698,record/698.png
70.88545989990234,699,record/699.png
70.98533606529236,700,record/700.png
71.08490300178528,701,record/701.png
71.18513607978821,702,record/702.png
71.284423828125,703,record/703.png
71.38415312767029,704,record/704.png
71.48556709289551,705,record/705.png
71.58540487289429,706,record/706.png
71.68484997749329,707,record/707.png
71.78823804855347,708,record/708.png
71.88497996330261,709,record/709.png
71.98500990867615,710,record/710.png
72.08427810668945,711,record/711.png
72.18445301055908,712,record/712.png
72.28490495681763,713,record/713.png
72.3848009109497,714,record/714.png
72.48415994644165,715,record/715.png
72.58445596694946,716,record/716.png
72.68513107299805,717,record/717.png
72.78643894195557,718,record/718.png
72.88344192504883,719,record/719.png
72.98379111289978,720,record/720.png
73.08390593528748,721,record/721.png
73.18382215499878,722,record/722.png
73.2845208644867,723,record/723.png
73.38459300994873,724,record/724.png
73.48521590232849,725,record/725.png
73.58747601509094,726,record/726.png
73.68945097923279,727,record/727.png
73.7879810333252,728,record/728.png
73.88733792304993,729,record/729.png
73.98897624015808,730,record/730.png
74.08767104148865,731,record/731.png
74.18653702735901,732,record/732.png
74.28778505325317,733,record/733.png
74.38798117637634,734,record/734.png
74.4867799282074,735,record/735.png
74.58897399902344,736,record/736.png
74.688059091568,737,record/737.png
74.78817415237427,738,record/738.png
74.88761806488037,739,record/739.png
74.9886679649353,740,record/740.png
75.0885660648346,741,record/741.png
75.18878102302551,742,record/742.png
75.2862389087677,743,record/743.png
75.38652205467224,744,record/744.png
75.48718094825745,745,record/745.png
75.58892321586609,746,record/746.png
75.68642616271973,747,record/747.png
75.78780102729797,748,record/748.png
75.88850998878479,749,record/749.png
75.99018502235413,750,record/750.png
76.08635902404785,751,record/751.png
76.18594312667847,752,record/752.png
76.28710198402405,753,record/753.png
76.38974785804749,754,record/754.png
76.48715281486511,755,record/755.png
76.58834314346313,756,record/756.png
76.68626618385315,757,record/757.png
76.78947305679321,758,record/758.png
76.88751792907715,759,record/759.png
76.98765206336975,760,record/760.png
77.0862021446228,761,record/761.png
77.18855810165405,762,record/762.png
77.28644299507141,763,record/763.png
77.388347864151,764,record/764.png
77.48551392555237,765,record/765.png
77.587397813797,766,record/766.png
77.68356394767761,767,record/767.png
77.75475001335144,768,record/768.png
77.85135698318481,769,record/769.png
77.95213794708252,770,record/770.png
78.05467391014099,771,record/771.png
78.15415406227112,772,record/772.png
78.25527596473694,773,record/773.png
78.35353112220764,774,record/774.png
78.45478820800781,775,record/775.png
78.55375599861145,776,record/776.png
78.65605401992798,777,record/777.png
78.75391411781311,778,record/778.png
78.8537540435791,779,record/779.png
78.9580249786377,780,record/780.png
79.0558249950409,781,record/781.png
79.15396809577942,782,record/782.png
79.25402021408081,783,record/783.png
79.35367703437805,784,record/784.png
79.45466494560242,785,record/785.png
79.55360198020935,786,record/786.png
79.65270709991455,787,record/787.png
79.75258183479309,788,record/788.png
79.85231685638428,789,record/789.png
79.95556402206421,790,record/790.png
80.05186414718628,791,record/791.png
80.1533739566803,792,record/792.png
80.25281405448914,793,record/793.png
80.3507571220398,794,record/794.png
80.45214104652405,795,record/795.png
80.55156207084656,796,record/796.png
80.65147018432617,797,record/797.png
80.75343489646912,798,record/798.png
80.8524329662323,799,record/799.png
80.95336389541626,800,record/800.png
81.05235886573792,801,record/801.png
81.15161919593811,802,record/802.png
81.25114393234253,803,record/803.png
81.35269713401794,804,record/804.png
81.45411896705627,805,record/805.png
81.5539698600769,806,record/806.png
81.65196800231934,807,record/807.png
81.78462100028992,808,record/808.png
81.88565516471863,809,record/809.png
81.98834896087646,810,record/810.png
82.08602499961853,811,record/811.png
82.18671202659607,812,record/812.png
82.28456091880798,813,record/813.png
82.38457012176514,814,record/814.png
82.48613500595093,815,record/815.png
82.58715224266052,816,record/816.png
82.68428492546082,817,record/817.png
82.78562092781067,818,record/818.png
82.88622117042542,819,record/819.png
82.98484706878662,820,record/820.png
83.08505392074585,821,record/821.png
83.18563723564148,822,record/822.png
83.28697609901428,823,record/823.png
83.38663816452026,824,record/824.png
83.48632907867432,825,record/825.png
83.58656597137451,826,record/826.png
83.6852548122406,827,record/827.png
83.78505611419678,828,record/828.png
83.88521909713745,829,record/829.png
83.98687314987183,830,record/830.png
84.08397912979126,831,record/831.png
84.18474507331848,832,record/832.png
84.28545212745667,833,record/833.png
84.3829710483551,834,record/834.png
84.48555278778076,835,record/835.png
84.58399510383606,836,record/836.png
84.68296098709106,837,record/837.png
84.78432297706604,838,record/838.png
84.88346815109253,839,record/839.png
84.9839391708374,840,record/840.png
85.08552694320679,841,record/841.png
85.18381309509277,842,record/842.png
85.28446316719055,843,record/843.png
85.38431310653687,844,record/844.png
85.48502397537231,845,record/845.png
85.58252501487732,846,record/846.png
85.68519496917725,847,record/847.png
85.78393912315369,848,record/848.png
85.88365387916565,849,record/849.png
85.98583102226257,850,record/850.png
86.08638215065002,851,record/851.png
86.18510890007019,852,record/852.png
86.28406095504761,853,record/853.png
86.38442587852478,854,record/854.png
86.48507499694824,855,record/855.png
86.57896399497986,856,record/856.png
86.67912602424622,857,record/857.png
86.77855587005615,858,record/858.png
86.88171219825745,859,record/859.png
86.97956204414368,860,record/860.png
87.0798020362854,861,record/861.png
87.18022513389587,862,record/862.png
87.28077387809753,863,record/863.png
87.37891983985901,864,record/864.png
87.4788830280304,865,record/865.png
87.57967209815979,866,record/866.png
87.67850112915039,867,record/867.png
87.77966594696045,868,record/868.png
87.87971210479736,869,record/869.png
87.97920203208923,870,record/870.png
88.07900810241699,871,record/871.png
88.17826986312866,872,record/872.png
88.2801148891449,873,record/873.png
88.37898182868958,874,record/874.png
88.4784288406372,875,record/875.png
88.58005499839783,876,record/876.png
88.67811608314514,877,record/877.png
88.77930021286011,878,record/878.png
88.87976503372192,879,record/879.png
89.04427790641785,880,record/880.png
89.14409399032593,881,record/881.png
89.24423599243164,882,record/882.png
89.34453296661377,883,record/883.png
89.44384217262268,884,record/884.png
89.54483103752136,885,record/885.png
89.64399099349976,886,record/886.png
89.74416589736938,887,record/887.png
89.8436770439148,888,record/888.png
89.94485306739807,889,record/889.png
90.04515886306763,890,record/890.png
90.14576196670532,891,record/891.png
90.24404191970825,892,record/892.png
90.34367990493774,893,record/893.png
90.44389200210571,894,record/894.png
90.5441370010376,895,record/895.png
90.64417314529419,896,record/896.png
90.74493598937988,897,record/897.png
90.8783130645752,898,record/898.png
91.01036596298218,899,record/899.png
91.14348602294922,900,record/900.png
91.27718710899353,901,record/901.png
91.40999507904053,902,record/902.png
91.54551696777344,903,record/903.png
91.64901399612427,904,record/904.png
91.78089594841003,905,record/905.png
91.91508293151855,906,record/906.png
92.04817986488342,907,record/907.png
92.18120408058167,908,record/908.png
92.31462001800537,909,record/909.png
92.44798803329468,910,record/910.png
92.5806360244751,911,record/911.png
92.71438407897949,912,record/912.png
92.84929990768433,913,record/913.png
92.98358607292175,914,record/914.png
93.11434292793274,915,record/915.png
93.24691605567932,916,record/916.png
93.34893107414246,917,record/917.png
93.48038506507874,918,record/918.png
93.61480283737183,919,record/919.png
93.74702215194702,920,record/920.png
93.8804030418396,921,record/921.png
94.01539707183838,922,record/922.png
94.14469289779663,923,record/923.png
94.27992296218872,924,record/924.png
94.41382813453674,925,record/925.png
94.54532098770142,926,record/926.png
94.68034601211548,927,record/927.png
94.81319093704224,928,record/928.png
94.94780802726746,929,record/929.png
95.11295318603516,930,record/930.png
95.24482893943787,931,record/931.png
95.34791707992554,932,record/932.png
95.47937202453613,933,record/933.png
95.61151218414307,934,record/934.png
95.74772620201111,935,record/935.png
95.88102602958679,936,record/936.png
96.01377511024475,937,record/937.png
96.14954805374146,938,record/938.png
96.28042006492615,939,record/939.png
96.41172409057617,940,record/940.png
96.54715013504028,941,record/941.png
96.68121004104614,942,record/942.png
96.81408786773682,943,record/943.png
96.94847011566162,944,record/944.png
97.08057904243469,945,record/945.png
97.21312212944031,946,record/946.png
97.34898614883423,947,record/947.png
97.47925615310669,948,record/948.png
97.61323809623718,949,record/949.png
97.71401596069336,950,record/950.png
97.81281208992004,951,record/951.png
97.91379404067993,952,record/952.png
98.01234292984009,953,record/953.png
98.11465096473694,954,record/954.png
98.21283197402954,955,record/955.png
98.31301403045654,956,record/956.png
98.41164493560791,957,record/957.png
98.51329803466797,958,record/958.png
98.61688017845154,959,record/959.png
98.74342918395996,960,record/960.png
98.84546399116516,961,record/961.png
98.94575905799866,962,record/962.png
99.08185005187988,963,record/963.png
99.21233105659485,964,record/964.png
99.34726309776306,965,record/965.png
99.47909188270569,966,record/966.png
99.61281681060791,967,record/967.png
99.74509382247925,968,record/968.png
99.87933492660522,969,record/969.png
100.011314868927,970,record/970.png
100.14477324485779,971,record/971.png
100.27864599227905,972,record/972.png
100.41046810150146,973,record/973.png
100.54435300827026,974,record/974.png
100.64779114723206,975,record/975.png
100.77962803840637,976,record/976.png
100.91152000427246,977,record/977.png
101.04411005973816,978,record/978.png
101.17953681945801,979,record/979.png
101.3100311756134,980,record/980.png
101.44295191764832,981,record/981.png
101.57749605178833,982,record/982.png
101.7115068435669,983,record/983.png
101.84405899047852,984,record/984.png
101.94479584693909,985,record/985.png
102.07790493965149,986,record/986.png
102.21013617515564,987,record/987.png
102.34480690956116,988,record/988.png
102.47889399528503,989,record/989.png
102.61064195632935,990,record/990.png
102.71366286277771,991,record/991.png
102.81071996688843,992,record/992.png
102.94582986831665,993,record/993.png
103.0790810585022,994,record/994.png
103.21080493927002,995,record/995.png
103.34494209289551,996,record/996.png
103.47684812545776,997,record/997.png
103.64134502410889,998,record/998.png
103.77282619476318,999,record/999.png
103.90703582763672,1000,record/1000.png
104.04035711288452,1001,record/1001.png
104.17404389381409,1002,record/1002.png
104.30752992630005,1003,record/1003.png
104.43956995010376,1004,record/1004.png
104.57284498214722,1005,record/1005.png
104.67227387428284,1006,record/1006.png
104.77360796928406,1007,record/1007.png
104.87306499481201,1008,record/1008.png
104.97242712974548,1009,record/1009.png
105.07232904434204,1010,record/1010.png
105.17391109466553,1011,record/1011.png
105.27251195907593,1012,record/1012.png
105.37312579154968,1013,record/1013.png
105.47293496131897,1014,record/1014.png
105.57417297363281,1015,record/1015.png
105.6720449924469,1016,record/1016.png
105.77336597442627,1017,record/1017.png
105.87195491790771,1018,record/1018.png
105.97233009338379,1019,record/1019.png
106.07282710075378,1020,record/1020.png
106.17308211326599,1021,record/1021.png
106.27196598052979,1022,record/1022.png
106.37199807167053,1023,record/1023.png
106.47152304649353,1024,record/1024.png
106.57216000556946,1025,record/1025.png
106.68999409675598,1026,record/1026.png
106.80642104148865,1027,record/1027.png
106.9048330783844,1028,record/1028.png
107.0058958530426,1029,record/1029.png
107.10514092445374,1030,record/1030.png
107.20633816719055,1031,record/1031.png
107.30474495887756,1032,record/1032.png
107.40515208244324,1033,record/1033.png
107.51058888435364,1034,record/1034.png
107.6080539226532,1035,record/1035.png
107.70447206497192,1036,record/1036.png
107.80457186698914,1037,record/1037.png
107.90421509742737,1038,record/1038.png
108.00438904762268,1039,record/1039.png
108.13835597038269,1040,record/1040.png
108.23852205276489,1041,record/1041.png
108.33770704269409,1042,record/1042.png
108.43800902366638,1043,record/1043.png
108.53826999664307,1044,record/1044.png
108.64467406272888,1045,record/1045.png
108.77606296539307,1046,record/1046.png
108.87653398513794,1047,record/1047.png
108.9756531715393,1048,record/1048.png
109.07398295402527,1049,record/1049.png
109.20877480506897,1050,record/1050.png
109.34398603439331,1051,record/1051.png
109.4764301776886,1052,record/1052.png
109.60886597633362,1053,record/1053.png
109.7081458568573,1054,record/1054.png
109.8430871963501,1055,record/1055.png
109.97439694404602,1056,record/1056.png
110.11005997657776,1057,record/1057.png
110.24243998527527,1058,record/1058.png
110.37449598312378,1059,record/1059.png
110.50986814498901,1060,record/1060.png
110.64125204086304,1061,record/1061.png
110.77517318725586,1062,record/1062.png
110.90923595428467,1063,record/1063.png
111.04335689544678,1064,record/1064.png
111.17454695701599,1065,record/1065.png
111.30873489379883,1066,record/1066.png
111.4405369758606,1067,record/1067.png
111.57363295555115,1068,record/1068.png
111.6751549243927,1069,record/1069.png
111.77485489845276,1070,record/1070.png
111.90896892547607,1071,record/1071.png
112.04233384132385,1072,record/1072.png
112.17485904693604,1073,record/1073.png
112.30732011795044,1074,record/1074.png
112.4395661354065,1075,record/1075.png
112.5751039981842,1076,record/1076.png
112.7071750164032,1077,record/1077.png
112.84026598930359,1078,record/1078.png
112.97432017326355,1079,record/1079.png
113.1061680316925,1080,record/1080.png
113.23941206932068,1081,record/1081.png
113.37533903121948,1082,record/1082.png
113.51495289802551,1083,record/1083.png
113.6393620967865,1084,record/1084.png
113.77600598335266,1085,record/1085.png
113.90679907798767,1086,record/1086.png
114.03882384300232,1087,record/1087.png
114.17493891716003,1088,record/1088.png
114.30589604377747,1089,record/1089.png
114.43998599052429,1090,record/1090.png
114.57423305511475,1091,record/1091.png
114.70553183555603,1092,record/1092.png
114.84133815765381,1093,record/1093.png
114.97315406799316,1094,record/1094.png
115.10694980621338,1095,record/1095.png
115.24120092391968,1096,record/1096.png
115.37290382385254,1097,record/1097.png
115.50830411911011,1098,record/1098.png
115.63981604576111,1099,record/1099.png
115.7758641242981,1100,record/1100.png
115.90746402740479,1101,record/1101.png
116.04120016098022,1102,record/1102.png
116.17321014404297,1103,record/1103.png
116.30843591690063,1104,record/1104.png
116.43931221961975,1105,record/1105.png
116.57324504852295,1106,record/1106.png
116.70686888694763,1107,record/1107.png
116.84008288383484,1108,record/1108.png
116.97310423851013,1109,record/1109.png
117.10677003860474,1110,record/1110.png
117.24049615859985,1111,record/1111.png
117.3737359046936,1112,record/1112.png
117.50979399681091,1113,record/1113.png
117.63875722885132,1114,record/1114.png
117.77290201187134,1115,record/1115.png
117.90763902664185,1116,record/1116.png
118.03742694854736,1117,record/1117.png
118.13832306861877,1118,record/1118.png
118.27369499206543,1119,record/1119.png
118.40633010864258,1120,record/1120.png
118.54187107086182,1121,record/1121.png
118.67077994346619,1122,record/1122.png
118.77424693107605,1123,record/1123.png
118.90581202507019,1124,record/1124.png
119.03866004943848,1125,record/1125.png
119.17286610603333,1126,record/1126.png
119.30580711364746,1127,record/1127.png
119.4396460056305,1128,record/1128.png
119.57201623916626,1129,record/1129.png
119.6710991859436,1130,record/1130.png
119.77235722541809,1131,record/1131.png
119.87136316299438,1132,record/1132.png
119.97103786468506,1133,record/1133.png
120.07151484489441,1134,record/1134.png
120.17462801933289,1135,record/1135.png
120.30419087409973,1136,record/1136.png
120.40488600730896,1137,record/1137.png
120.51273393630981,1138,record/1138.png
120.63693690299988,1139,record/1139.png
120.7731819152832,1140,record/1140.png
120.9045729637146,1141,record/1141.png
121.0367500782013,1142,record/1142.png
121.13973617553711,1143,record/1143.png
121.27260899543762,1144,record/1144.png
121.37105679512024,1145,record/1145.png
121.47129011154175,1146,record/1146.png
121.60430097579956,1147,record/1147.png
121.736643075943,1148,record/1148.png
121.87194299697876,1149,record/1149.png
122.00522589683533,1150,record/1150.png
122.13845610618591,1151,record/1151.png
122.2737250328064,1152,record/1152.png
122.40627193450928,1153,record/1153.png
122.53735709190369,1154,record/1154.png
122.67225289344788,1155,record/1155.png
122.80530500411987,1156,record/1156.png
122.93709707260132,1157,record/1157.png
123.07105684280396,1158,record/1158.png
123.27597308158875,1159,record/1159.png
123.40369200706482,1160,record/1160.png
123.53877878189087,1161,record/1161.png
123.6689760684967,1162,record/1162.png
123.77098608016968,1163,record/1163.png
123.9053430557251,1164,record/1164.png
124.0361270904541,1165,record/1165.png
124.170175075531,1166,record/1166.png
124.30363011360168,1167,record/1167.png
124.40322685241699,1168,record/1168.png
124.50898790359497,1169,record/1169.png
124.63565993309021,1170,record/1170.png
124.73526406288147,1171,record/1171.png
124.83498907089233,1172,record/1172.png
124.93692398071289,1173,record/1173.png
125.03577303886414,1174,record/1174.png
125.1360330581665,1175,record/1175.png
125.2360429763794,1176,record/1176.png
125.33639717102051,1177,record/1177.png
125.43609499931335,1178,record/1178.png
125.53750491142273,1179,record/1179.png
125.66894006729126,1180,record/1180.png
125.80299997329712,1181,record/1181.png
125.93776798248291,1182,record/1182.png
126.06938004493713,1183,record/1183.png
126.20203280448914,1184,record/1184.png
126.33486795425415,1185,record/1185.png
126.4701030254364,1186,record/1186.png
126.60183095932007,1187,record/1187.png
126.70411705970764,1188,record/1188.png
126.83608603477478,1189,record/1189.png
126.96931886672974,1190,record/1190.png
127.10297012329102,1191,record/1191.png
127.2352409362793,1192,record/1192.png
127.37108707427979,1193,record/1193.png
127.50275611877441,1194,record/1194.png
127.60517406463623,1195,record/1195.png
127.73675012588501,1196,record/1196.png
127.86953401565552,1197,record/1197.png
128.00291204452515,1198,record/1198.png
128.13509607315063,1199,record/1199.png
128.26889610290527,1200,record/1200.png
128.40229606628418,1201,record/1201.png
128.53762793540955,1202,record/1202.png
128.66959595680237,1203,record/1203.png
128.80558490753174,1204,record/1204.png
128.9372320175171,1205,record/1205.png
129.03638410568237,1206,record/1206.png
129.16924381256104,1207,record/1207.png
129.30410194396973,1208,record/1208.png
129.43400406837463,1209,record/1209.png
129.53873419761658,1210,record/1210.png
129.66835498809814,1211,record/1211.png
129.80180716514587,1212,record/1212.png
129.9374179840088,1213,record/1213.png
130.0690848827362,1214,record/1214.png
130.2014331817627,1215,record/1215.png
130.3353888988495,1216,record/1216.png
130.46914196014404,1217,record/1217.png
130.60184288024902,1218,record/1218.png
130.734060049057,1219,record/1219.png
130.86952900886536,1220,record/1220.png
131.0015730857849,1221,record/1221.png
131.1053991317749,1222,record/1222.png
131.23411202430725,1223,record/1223.png
131.36795210838318,1224,record/1224.png
131.50699710845947,1225,record/1225.png
131.63278603553772,1226,record/1226.png
131.73608803749084,1227,record/1227.png
131.86710000038147,1228,record/1228.png
132.00078701972961,1229,record/1229.png
132.13406419754028,1230,record/1230.png
132.2769899368286,1231,record/1231.png
132.3999581336975,1232,record/1232.png
132.5020968914032,1233,record/1233.png
132.5998158454895,1234,record/1234.png
132.70098900794983,1235,record/1235.png
132.8342080116272,1236,record/1236.png
132.96786212921143,1237,record/1237.png
133.10174107551575,1238,record/1238.png
133.2350389957428,1239,record/1239.png
133.36860013008118,1240,record/1240.png
133.50144600868225,1241,record/1241.png
133.63268089294434,1242,record/1242.png
133.76832008361816,1243,record/1243.png
133.9011640548706,1244,record/1244.png
134.03357005119324,1245,record/1245.png
134.16721892356873,1246,record/1246.png
134.30186915397644,1247,record/1247.png
134.43316411972046,1248,record/1248.png
134.56708598136902,1249,record/1249.png
134.69987797737122,1250,record/1250.png
134.83332204818726,1251,record/1251.png
134.96539497375488,1252,record/1252.png
135.09996604919434,1253,record/1253.png
135.23275208473206,1254,record/1254.png
135.3658082485199,1255,record/1255.png
135.50247192382812,1256,record/1256.png
135.6329710483551,1257,record/1257.png
135.76472401618958,1258,record/1258.png
135.89908289909363,1259,record/1259.png
136.0336630344391,1260,record/1260.png
136.16723608970642,1261,record/1261.png
136.3018720149994,1262,record/1262.png
136.433758020401,1263,record/1263.png
136.5652859210968,1264,record/1264.png
136.66518712043762,1265,record/1265.png
136.7664029598236,1266,record/1266.png
136.86474013328552,1267,record/1267.png
136.99893403053284,1268,record/1268.png
137.0986831188202,1269,record/1269.png
137.2326991558075,1270,record/1270.png
137.3336009979248,1271,record/1271.png
137.4676649570465,1272,record/1272.png
137.5989019870758,1273,record/1273.png
137.73376417160034,1274,record/1274.png
137.8655731678009,1275,record/1275.png
138.00142788887024,1276,record/1276.png
138.13524198532104,1277,record/1277.png
138.2673888206482,1278,record/1278.png
138.39889192581177,1279,record/1279.png
138.53558921813965,1280,record/1280.png
138.66457390785217,1281,record/1281.png
138.79990410804749,1282,record/1282.png
138.93493509292603,1283,record/1283.png
139.0660719871521,1284,record/1284.png
139.1981339454651,1285,record/1285.png
139.3331048488617,1286,record/1286.png
139.4654860496521,1287,record/1287.png
139.59974908828735,1288,record/1288.png
139.73102593421936,1289,record/1289.png
139.86522388458252,1290,record/1290.png
139.99932599067688,1291,record/1291.png
140.13264107704163,1292,record/1292.png
140.26697707176208,1293,record/1293.png
140.39845514297485,1294,record/1294.png
140.5326910018921,1295,record/1295.png
140.66449689865112,1296,record/1296.png
140.7995409965515,1297,record/1297.png
140.9362599849701,1298,record/1298.png
141.06528520584106,1299,record/1299.png
141.19770002365112,1300,record/1300.png
141.33070993423462,1301,record/1301.png
141.46548891067505,1302,record/1302.png
141.59678101539612,1303,record/1303.png
141.7303650379181,1304,record/1304.png
141.86415600776672,1305,record/1305.png
141.99820494651794,1306,record/1306.png
142.12995195388794,1307,record/1307.png
142.26386499404907,1308,record/1308.png
142.39780616760254,1309,record/1309.png
142.53171300888062,1310,record/1310.png
142.66268110275269,1311,record/1311.png
142.79744505882263,1312,record/1312.png
142.93080592155457,1313,record/1313.png
143.06316208839417,1314,record/1314.png
143.19848489761353,1315,record/1315.png
143.33037996292114,1316,record/1316.png
143.46353602409363,1317,record/1317.png
143.59804487228394,1318,record/1318.png
143.69837594032288,1319,record/1319.png
143.79676699638367,1320,record/1320.png
143.89670395851135,1321,record/1321.png
144.02960419654846,1322,record/1322.png
144.1636312007904,1323,record/1323.png
144.2977578639984,1324,record/1324.png
144.43401384353638,1325,record/1325.png
144.56227707862854,1326,record/1326.png
144.66420197486877,1327,record/1327.png
144.79831409454346,1328,record/1328.png
144.93014001846313,1329,record/1329.png
145.0648250579834,1330,record/1330.png
145.19590711593628,1331,record/1331.png
145.33006596565247,1332,record/1332.png
145.46504402160645,1333,record/1333.png
145.5961332321167,1334,record/1334.png
145.7298538684845,1335,record/1335.png
145.86337304115295,1336,record/1336.png
145.99798607826233,1337,record/1337.png
146.13121509552002,1338,record/1338.png
146.2642149925232,1339,record/1339.png
146.39578485488892,1340,record/1340.png
146.5303921699524,1341,record/1341.png
146.6625211238861,1342,record/1342.png
146.79662799835205,1343,record/1343.png
146.93070006370544,1344,record/1344.png
147.06316208839417,1345,record/1345.png
147.19674015045166,1346,record/1346.png
147.3305149078369,1347,record/1347.png
147.46191906929016,1348,record/1348.png
147.59652400016785,1349,record/1349.png
147.73012495040894,1350,record/1350.png
147.86284589767456,1351,record/1351.png
147.99594020843506,1352,record/1352.png
148.12935400009155,1353,record/1353.png
148.2648410797119,1354,record/1354.png
148.39394688606262,1355,record/1355.png
148.5297338962555,1356,record/1356.png
148.66334104537964,1357,record/1357.png
148.7956190109253,1358,record/1358.png
148.9303948879242,1359,record/1359.png
149.0613420009613,1360,record/1360.png
149.19596600532532,1361,record/1361.png
149.32903909683228,1362,record/1362.png
149.46263813972473,1363,record/1363.png
149.59696698188782,1364,record/1364.png
149.72905898094177,1365,record/1365.png
149.8618779182434,1366,record/1366.png
149.99469995498657,1367,record/1367.png
150.13024997711182,1368,record/1368.png
150.2621099948883,1369,record/1369.png
150.39609694480896,1370,record/1370.png
150.52952408790588,1371,record/1371.png
150.66021919250488,1372,record/1372.png
150.76167607307434,1373,record/1373.png
150.8945620059967,1374,record/1374.png
151.0291290283203,1375,record/1375.png
151.1637098789215,1376,record/1376.png
151.29514384269714,1377,record/1377.png
151.43032002449036,1378,record/1378.png
151.56379914283752,1379,record/1379.png
151.69400024414062,1380,record/1380.png
151.8289270401001,1381,record/1381.png
151.96132802963257,1382,record/1382.png
152.09537410736084,1383,record/1383.png
152.2303171157837,1384,record/1384.png
152.36111998558044,1385,record/1385.png
152.49970293045044,1386,record/1386.png
152.62841701507568,1387,record/1387.png
152.7608880996704,1388,record/1388.png
152.89525294303894,1389,record/1389.png
153.02840900421143,1390,record/1390.png
153.16277980804443,1391,record/1391.png
153.29368591308594,1392,record/1392.png
153.4275689125061,1393,record/1393.png
153.5603928565979,1394,record/1394.png
153.69352293014526,1395,record/1395.png
153.82733488082886,1396,record/1396.png
153.96002197265625,1397,record/1397.png
154.09632205963135,1398,record/1398.png
154.22894501686096,1399,record/1399.png
154.36332893371582,1400,record/1400.png
154.4989950656891,1401,record/1401.png
154.62527108192444,1402,record/1402.png
154.76307797431946,1403,record/1403.png
154.89408898353577,1404,record/1404.png
155.02620601654053,1405,record/1405.png
155.12718796730042,1406,record/1406.png
155.22832894325256,1407,record/1407.png
155.36108016967773,1408,record/1408.png
155.49376010894775,1409,record/1409.png
155.62727403640747,1410,record/1410.png
155.72720789909363,1411,record/1411.png
155.85966300964355,1412,record/1412.png
155.99331998825073,1413,record/1413.png
156.12603211402893,1414,record/1414.png
156.25997805595398,1415,record/1415.png
156.39382100105286,1416,record/1416.png
156.52818703651428,1417,record/1417.png
156.6589629650116,1418,record/1418.png
156.7931809425354,1419,record/1419.png
156.9260859489441,1420,record/1420.png
157.05976915359497,1421,record/1421.png
157.19350600242615,1422,record/1422.png
157.32600092887878,1423,record/1423.png
157.46022295951843,1424,record/1424.png
157.59477186203003,1425,record/1425.png
157.72599506378174,1426,record/1426.png
157.85845398902893,1427,record/1427.png
157.99411606788635,1428,record/1428.png
158.12585186958313,1429,record/1429.png
158.2597360610962,1430,record/1430.png
158.39103412628174,1431,record/1431.png
158.52913618087769,1432,record/1432.png
158.65826106071472,1433,record/1433.png
158.79303407669067,1434,record/1434.png
158.9279181957245,1435,record/1435.png
159.0583689212799,1436,record/1436.png
159.1929190158844,1437,record/1437.png
159.32522296905518,1438,record/1438.png
159.45925092697144,1439,record/1439.png
159.59116315841675,1440,record/1440.png
159.72606706619263,1441,record/1441.png
159.85819005966187,1442,record/1442.png
159.99346208572388,1443,record/1443.png
160.12524795532227,1444,record/1444.png
160.259624004364,1445,record/1445.png
160.39115810394287,1446,record/1446.png
160.49288082122803,1447,record/1447.png
160.62313199043274,1448,record/1448.png
160.75870490074158,1449,record/1449.png
160.89213013648987,1450,record/1450.png
161.02436089515686,1451,record/1451.png
161.12411499023438,1452,record/1452.png
161.25750494003296,1453,record/1453.png
161.39122414588928,1454,record/1454.png
161.52554392814636,1455,record/1455.png
161.65765404701233,1456,record/1456.png
161.79075598716736,1457,record/1457.png
161.9257972240448,1458,record/1458.png
162.05763983726501,1459,record/1459.png
162.18972206115723,1460,record/1460.png
162.2905080318451,1461,record/1461.png
162.42263507843018,1462,record/1462.png
162.55899381637573,1463,record/1463.png
162.68576216697693,1464,record/1464.png
162.78683590888977,1465,record/1465.png
162.8860569000244,1466,record/1466.png
162.98592591285706,1467,record/1467.png
163.08572101593018,1468,record/1468.png
163.18580603599548,1469,record/1469.png
163.2859230041504,1470,record/1470.png
163.3860468864441,1471,record/1471.png
163.4854121208191,1472,record/1472.png
163.6188280582428,1473,record/1473.png
163.71941208839417,1474,record/1474.png
163.81908106803894,1475,record/1475.png
163.9192178249359,1476,record/1476.png
164.01893496513367,1477,record/1477.png
164.11931586265564,1478,record/1478.png
164.21904110908508,1479,record/1479.png
164.35374307632446,1480,record/1480.png
164.486554145813,1481,record/1481.png
164.5868489742279,1482,record/1482.png
164.68555402755737,1483,record/1483.png
164.78606414794922,1484,record/1484.png
164.88559699058533,1485,record/1485.png
164.98556900024414,1486,record/1486.png
165.08533096313477,1487,record/1487.png
165.18634605407715,1488,record/1488.png
165.28533411026,1489,record/1489.png
165.3853120803833,1490,record/1490.png
165.48479413986206,1491,record/1491.png
165.5857720375061,1492,record/1492.png
165.6859769821167,1493,record/1493.png
165.78721404075623,1494,record/1494.png
165.88514685630798,1495,record/1495.png
165.98608207702637,1496,record/1496.png
166.08596396446228,1497,record/1497.png
166.18487906455994,1498,record/1498.png
166.28489303588867,1499,record/1499.png
166.3846719264984,1500,record/1500.png
166.48446893692017,1501,record/1501.png
166.58574414253235,1502,record/1502.png
166.68460202217102,1503,record/1503.png
166.78477692604065,1504,record/1504.png
166.88506698608398,1505,record/1505.png
166.985759973526,1506,record/1506.png
167.08456301689148,1507,record/1507.png
167.18465304374695,1508,record/1508.png
167.28505611419678,1509,record/1509.png
167.38568592071533,1510,record/1510.png
167.4859619140625,1511,record/1511.png
167.5917329788208,1512,record/1512.png
167.72167921066284,1513,record/1513.png
167.82187795639038,1514,record/1514.png
167.9573619365692,1515,record/1515.png
168.09070301055908,1516,record/1516.png
168.22112011909485,1517,record/1517.png
168.35587406158447,1518,record/1518.png
168.48734307289124,1519,record/1519.png
168.61997604370117,1520,record/1520.png
168.7250781059265,1521,record/1521.png
168.85746884346008,1522,record/1522.png
168.99008107185364,1523,record/1523.png
169.123685836792,1524,record/1524.png
169.25664687156677,1525,record/1525.png
169.38814115524292,1526,record/1526.png
169.52415418624878,1527,record/1527.png
169.6536021232605,1528,record/1528.png
169.79001998901367,1529,record/1529.png
169.9217870235443,1530,record/1530.png
170.0532579421997,1531,record/1531.png
170.18880105018616,1532,record/1532.png
170.32293915748596,1533,record/1533.png
170.45689392089844,1534,record/1534.png
170.59082698822021,1535,record/1535.png
170.7199490070343,1536,record/1536.png
170.82354712486267,1537,record/1537.png
170.95485591888428,1538,record/1538.png
171.0883231163025,1539,record/1539.png
171.22031998634338,1540,record/1540.png
171.35335087776184,1541,record/1541.png
171.490581035614,1542,record/1542.png
171.6228449344635,1543,record/1543.png
171.7557508945465,1544,record/1544.png
171.888916015625,1545,record/1545.png
172.021479845047,1546,record/1546.png
172.15752601623535,1547,record/1547.png
172.28947401046753,1548,record/1548.png
172.4226520061493,1549,record/1549.png
172.5547788143158,1550,record/1550.png
172.6878809928894,1551,record/1551.png
172.82445216178894,1552,record/1552.png
172.9551169872284,1553,record/1553.png
173.08875489234924,1554,record/1554.png
173.222412109375,1555,record/1555.png
173.35438013076782,1556,record/1556.png
173.4882791042328,1557,record/1557.png
173.621591091156,1558,record/1558.png
173.7530059814453,1559,record/1559.png
173.8867530822754,1560,record/1560.png
174.02133893966675,1561,record/1561.png
174.15214896202087,1562,record/1562.png
174.289626121521,1563,record/1563.png
174.42099618911743,1564,record/1564.png
174.55391216278076,1565,record/1565.png
174.6853530406952,1566,record/1566.png
174.8191318511963,1567,record/1567.png
174.95574307441711,1568,record/1568.png
175.08631920814514,1569,record/1569.png
175.21902799606323,1570,record/1570.png
175.35269713401794,1571,record/1571.png
175.48592591285706,1572,record/1572.png
175.61845302581787,1573,record/1573.png
175.75288796424866,1574,record/1574.png
175.8875789642334,1575,record/1575.png
176.01876306533813,1576,record/1576.png
176.1530680656433,1577,record/1577.png
176.28738498687744,1578,record/1578.png
176.4194700717926,1579,record/1579.png
176.55221891403198,1580,record/1580.png
176.68443489074707,1581,record/1581.png
176.8189718723297,1582,record/1582.png
176.9511218070984,1583,record/1583.png
177.05185317993164,1584,record/1584.png
177.18675994873047,1585,record/1585.png
177.31905603408813,1586,record/1586.png
177.45163488388062,1587,record/1587.png
177.5856010913849,1588,record/1588.png
177.71905612945557,1589,record/1589.png
177.8507809638977,1590,record/1590.png
177.98585200309753,1591,record/1591.png
178.12082719802856,1592,record/1592.png
178.25050020217896,1593,record/1593.png
178.3534290790558,1594,record/1594.png
178.45231413841248,1595,record/1595.png
178.5514419078827,1596,record/1596.png
178.6503028869629,1597,record/1597.png
178.75258803367615,1598,record/1598.png
178.88390398025513,1599,record/1599.png
179.02040195465088,1600,record/1600.png
179.15461707115173,1601,record/1601.png
179.28685116767883,1602,record/1602.png
179.41828393936157,1603,record/1603.png
179.55380392074585,1604,record/1604.png
179.68455910682678,1605,record/1605.png
179.78578305244446,1606,record/1606.png
179.8857810497284,1607,record/1607.png
180.01810717582703,1608,record/1608.png
180.15373301506042,1609,record/1609.png
180.285747051239,1610,record/1610.png
180.41666102409363,1611,record/1611.png
180.5513880252838,1612,record/1612.png
180.65194702148438,1613,record/1613.png
180.7515630722046,1614,record/1614.png
180.8507740497589,1615,record/1615.png
180.94990420341492,1616,record/1616.png
181.08494901657104,1617,record/1617.png
181.21885800361633,1618,record/1618.png
181.35168194770813,1619,record/1619.png
181.48590803146362,1620,record/1620.png
181.61656022071838,1621,record/1621.png
181.7508029937744,1622,record/1622.png
181.8867859840393,1623,record/1623.png
182.01874899864197,1624,record/1624.png
182.15189409255981,1625,record/1625.png
182.28298902511597,1626,record/1626.png
182.42051792144775,1627,record/1627.png
182.55161118507385,1628,record/1628.png
182.68345713615417,1629,record/1629.png
182.81720304489136,1630,record/1630.png
182.95095705986023,1631,record/1631.png
183.08456707000732,1632,record/1632.png
183.217139005661,1633,record/1633.png
183.3505790233612,1634,record/1634.png
183.48526692390442,1635,record/1635.png
183.61656403541565,1636,record/1636.png
183.74938917160034,1637,record/1637.png
183.88507604599,1638,record/1638.png
184.0185010433197,1639,record/1639.png
184.14851999282837,1640,record/1640.png
184.28610801696777,1641,record/1641.png
184.41677498817444,1642,record/1642.png
184.54970908164978,1643,record/1643.png
184.6834318637848,1644,record/1644.png
184.81564116477966,1645,record/1645.png
184.95153999328613,1646,record/1646.png
185.08747792243958,1647,record/1647.png
185.2160460948944,1648,record/1648.png
185.34952902793884,1649,record/1649.png
185.48503184318542,1650,record/1650.png
185.6155869960785,1651,record/1651.png
185.75204706192017,1652,record/1652.png
185.88261914253235,1653,record/1653.png
186.01668000221252,1654,record/1654.png
186.14968299865723,1655,record/1655.png
186.28342390060425,1656,record/1656.png
186.41609907150269,1657,record/1657.png
186.55021119117737,1658,record/1658.png
186.68235397338867,1659,record/1659.png
186.81818294525146,1660,record/1660.png
186.95001196861267,1661,record/1661.png
187.08213186264038,1662,record/1662.png
187.21813821792603,1663,record/1663.png
187.35077810287476,1664,record/1664.png
187.48176217079163,1665,record/1665.png
187.6144781112671,1666,record/1666.png
187.7490518093109,1667,record/1667.png
187.882887840271,1668,record/1668.png
188.0155861377716,1669,record/1669.png
188.1495201587677,1670,record/1670.png
188.28325819969177,1671,record/1671.png
188.4174988269806,1672,record/1672.png
188.5493869781494,1673,record/1673.png
188.68087100982666,1674,record/1674.png
188.81593799591064,1675,record/1675.png
188.94822001457214,1676,record/1676.png
189.08117294311523,1677,record/1677.png
189.2165470123291,1678,record/1678.png
189.34782695770264,1679,record/1679.png
189.44803094863892,1680,record/1680.png
189.5821921825409,1681,record/1681.png
189.71626019477844,1682,record/1682.png
189.84966921806335,1683,record/1683.png
189.9831109046936,1684,record/1684.png
190.11491513252258,1685,record/1685.png
190.24901700019836,1686,record/1686.png
190.38208508491516,1687,record/1687.png
190.51677107810974,1688,record/1688.png
190.64537286758423,1689,record/1689.png
190.7780680656433,1690,record/1690.png
190.91033387184143,1691,record/1691.png
191.0468590259552,1692,record/1692.png
191.1778199672699,1693,record/1693.png
191.27672600746155,1694,record/1694.png
191.37753009796143,1695,record/1695.png
191.4768979549408,1696,record/1696.png
191.58201122283936,1697,record/1697.png
191.70957803726196,1698,record/1698.png
191.80949187278748,1699,record/1699.png
191.90985298156738,1700,record/1700.png
192.00947403907776,1701,record/1701.png
192.11125087738037,1702,record/1702.png
192.20978999137878,1703,record/1703.png
192.3107488155365,1704,record/1704.png
192.41043615341187,1705,record/1705.png
192.51149702072144,1706,record/1706.png
192.61158919334412,1707,record/1707.png
192.71056413650513,1708,record/1708.png
192.81064295768738,1709,record/1709.png
192.91064286231995,1710,record/1710.png
193.00944995880127,1711,record/1711.png
193.10905289649963,1712,record/1712.png
193.20912313461304,1713,record/1713.png
193.30925011634827,1714,record/1714.png
193.40906190872192,1715,record/1715.png
193.509122133255,1716,record/1716.png
193.60995721817017,1717,record/1717.png
193.70998406410217,1718,record/1718.png
193.8437077999115,1719,record/1719.png
193.94367218017578,1720,record/1720.png
194.07685089111328,1721,record/1721.png
194.17613697052002,1722,record/1722.png
194.2766981124878,1723,record/1723.png
194.3758761882782,1724,record/1724.png
194.47539401054382,1725,record/1725.png
194.57642006874084,1726,record/1726.png
194.67569518089294,1727,record/1727.png
194.77509188652039,1728,record/1728.png
194.87610292434692,1729,record/1729.png
194.97565388679504,1730,record/1730.png
195.0746340751648,1731,record/1731.png
195.1747121810913,1732,record/1732.png
195.27529001235962,1733,record/1733.png
195.3760051727295,1734,record/1734.png
195.47526288032532,1735,record/1735.png
195.57680988311768,1736,record/1736.png
195.67930102348328,1737,record/1737.png
195.81384015083313,1738,record/1738.png
195.94574308395386,1739,record/1739.png
196.07852697372437,1740,record/1740.png
196.21206903457642,1741,record/1741.png
196.34566712379456,1742,record/1742.png
196.47769498825073,1743,record/1743.png
196.61349296569824,1744,record/1744.png
196.74427223205566,1745,record/1745.png
196.87738704681396,1746,record/1746.png
196.9784288406372,1747,record/1747.png
197.1119201183319,1748,record/1748.png
197.24547505378723,1749,record/1749.png
197.37845516204834,1750,record/1750.png
197.5120289325714,1751,record/1751.png
197.6450822353363,1752,record/1752.png
197.78023600578308,1753,record/1753.png
197.91344785690308,1754,record/1754.png
198.0451419353485,1755,record/1755.png
198.18058109283447,1756,record/1756.png
198.31146383285522,1757,record/1757.png
198.44565606117249,1758,record/1758.png
198.57858300209045,1759,record/1759.png
198.71213006973267,1760,record/1760.png
198.84772086143494,1761,record/1761.png
198.97806692123413,1762,record/1762.png
199.11206984519958,1763,record/1763.png
199.24534702301025,1764,record/1764.png
199.37923312187195,1765,record/1765.png
199.5100700855255,1766,record/1766.png
199.61251401901245,1767,record/1767.png
199.71222710609436,1768,record/1768.png
199.84517812728882,1769,record/1769.png
199.97766995429993,1770,record/1770.png
200.11280584335327,1771,record/1771.png
200.24675798416138,1772,record/1772.png
200.37653398513794,1773,record/1773.png
200.5116879940033,1774,record/1774.png
200.64564990997314,1775,record/1775.png
200.77873396873474,1776,record/1776.png
200.91200304031372,1777,record/1777.png
201.04500102996826,1778,record/1778.png
201.17741203308105,1779,record/1779.png
201.31198692321777,1780,record/1780.png
201.44405889511108,1781,record/1781.png
201.57688283920288,1782,record/1782.png
201.71057510375977,1783,record/1783.png
201.8450150489807,1784,record/1784.png
201.97820901870728,1785,record/1785.png
202.11012816429138,1786,record/1786.png
202.24458599090576,1787,record/1787.png
202.37815809249878,1788,record/1788.png
202.51366090774536,1789,record/1789.png
202.64337420463562,1790,record/1790.png
202.7779939174652,1791,record/1791.png
202.91062092781067,1792,record/1792.png
203.01164388656616,1793,record/1793.png
203.14590907096863,1794,record/1794.png
203.27585315704346,1795,record/1795.png
203.377681016922,1796,record/1796.png
203.50888395309448,1797,record/1797.png
203.61161494255066,1798,record/1798.png
203.71144080162048,1799,record/1799.png
203.81312799453735,1800,record/1800.png
203.9099600315094,1801,record/1801.png
204.01125502586365,1802,record/1802.png
204.142352104187,1803,record/1803.png
204.2770709991455,1804,record/1804.png
204.3794059753418,1805,record/1805.png
204.51018118858337,1806,record/1806.png
204.6104199886322,1807,record/1807.png
204.74327397346497,1808,record/1808.png
204.87641596794128,1809,record/1809.png
205.0105128288269,1810,record/1810.png
205.14397597312927,1811,record/1811.png
205.27485489845276,1812,record/1812.png
205.40901613235474,1813,record/1813.png
205.54225397109985,1814,record/1814.png
205.67459416389465,1815,record/1815.png
205.7745931148529,1816,record/1816.png
205.87458682060242,1817,record/1817.png
205.9761860370636,1818,record/1818.png
206.1086630821228,1819,record/1819.png
206.24143481254578,1820,record/1820.png
206.3753321170807,1821,record/1821.png
206.51190900802612,1822,record/1822.png
206.64276719093323,1823,record/1823.png
206.77564215660095,1824,record/1824.png
206.91100811958313,1825,record/1825.png
207.0421690940857,1826,record/1826.png
207.17498016357422,1827,record/1827.png
207.3104009628296,1828,record/1828.png
207.44286799430847,1829,record/1829.png
207.54233193397522,1830,record/1830.png
207.67891788482666,1831,record/1831.png
207.80826115608215,1832,record/1832.png
207.94293999671936,1833,record/1833.png
208.0744309425354,1834,record/1834.png
208.17516112327576,1835,record/1835.png
208.2747540473938,1836,record/1836.png
208.3759548664093,1837,record/1837.png
208.51133584976196,1838,record/1838.png
208.63966012001038,1839,record/1839.png
208.7413079738617,1840,record/1840.png
208.84115600585938,1841,record/1841.png
208.94250297546387,1842,record/1842.png
209.04155588150024,1843,record/1843.png
209.1432580947876,1844,record/1844.png
209.24286794662476,1845,record/1845.png
209.37670993804932,1846,record/1846.png
209.5109360218048,1847,record/1847.png
209.64063596725464,1848,record/1848.png
209.7770619392395,1849,record/1849.png
209.91009521484375,1850,record/1850.png
210.0416669845581,1851,record/1851.png
210.1758770942688,1852,record/1852.png
210.3086941242218,1853,record/1853.png
210.40828895568848,1854,record/1854.png
210.54100108146667,1855,record/1855.png
210.6747670173645,1856,record/1856.png
210.80718302726746,1857,record/1857.png
210.94249606132507,1858,record/1858.png
211.0735960006714,1859,record/1859.png
211.20757603645325,1860,record/1860.png
211.34067296981812,1861,record/1861.png
211.47396612167358,1862,record/1862.png
211.606693983078,1863,record/1863.png
211.74062418937683,1864,record/1864.png
211.8748779296875,1865,record/1865.png
212.00853085517883,1866,record/1866.png
212.14352798461914,1867,record/1867.png
212.27389907836914,1868,record/1868.png
212.40744304656982,1869,record/1869.png
212.54451394081116,1870,record/1870.png
212.670832157135,1871,record/1871.png
212.77349495887756,1872,record/1872.png
212.90640211105347,1873,record/1873.png
213.0407190322876,1874,record/1874.png
213.17291903495789,1875,record/1875.png
213.30764603614807,1876,record/1876.png
213.4411551952362,1877,record/1877.png
213.57381296157837,1878,record/1878.png
213.7076759338379,1879,record/1879.png
213.84040021896362,1880,record/1880.png
213.97396802902222,1881,record/1881.png
214.1073558330536,1882,record/1882.png
214.23968315124512,1883,record/1883.png
214.372985124588,1884,record/1884.png
214.5099220275879,1885,record/1885.png
214.6390688419342,1886,record/1886.png
214.74031496047974,1887,record/1887.png
214.87358498573303,1888,record/1888.png
215.00604486465454,1889,record/1889.png
215.14130210876465,1890,record/1890.png
215.27485489845276,1891,record/1891.png
215.40615701675415,1892,record/1892.png
215.54219102859497,1893,record/1893.png
215.6716501712799,1894,record/1894.png
215.80639505386353,1895,record/1895.png
215.93998908996582,1896,record/1896.png
216.07364988327026,1897,record/1897.png
216.20726919174194,1898,record/1898.png
216.3396008014679,1899,record/1899.png
216.47233700752258,1900,record/1900.png
216.60667395591736,1901,record/1901.png
216.74079990386963,1902,record/1902.png
216.87327098846436,1903,record/1903.png
217.00641989707947,1904,record/1904.png
217.13953518867493,1905,record/1905.png
217.27318000793457,1906,record/1906.png
217.40467405319214,1907,record/1907.png
217.5377128124237,1908,record/1908.png
217.67392683029175,1909,record/1909.png
217.80527687072754,1910,record/1910.png
217.93899703025818,1911,record/1911.png
218.0741000175476,1912,record/1912.png
218.20557594299316,1913,record/1913.png
218.34211206436157,1914,record/1914.png
218.47092294692993,1915,record/1915.png
218.60372495651245,1916,record/1916.png
218.7402958869934,1917,record/1917.png
218.87310099601746,1918,record/1918.png
219.0058240890503,1919,record/1919.png
219.13955998420715,1920,record/1920.png
219.27278423309326,1921,record/1921.png
219.40413308143616,1922,record/1922.png
219.53767490386963,1923,record/1923.png
219.67082285881042,1924,record/1924.png
219.80597710609436,1925,record/1925.png
219.93885707855225,1926,record/1926.png
220.07141709327698,1927,record/1927.png
220.20509600639343,1928,record/1928.png
220.33785009384155,1929,record/1929.png
220.47017097473145,1930,record/1930.png
220.60471200942993,1931,record/1931.png
220.7035369873047,1932,record/1932.png
220.80303311347961,1933,record/1933.png
220.90679097175598,1934,record/1934.png
221.03670978546143,1935,record/1935.png
221.1694209575653,1936,record/1936.png
221.27227807044983,1937,record/1937.png
221.4024200439453,1938,record/1938.png
221.5384349822998,1939,record/1939.png
221.6701681613922,1940,record/1940.png
221.8029329776764,1941,record/1941.png
221.93818402290344,1942,record/1942.png
222.07194185256958,1943,record/1943.png
222.2037811279297,1944,record/1944.png
222.3383128643036,1945,record/1945.png
222.47190499305725,1946,record/1946.png
222.60367488861084,1947,record/1947.png
222.73860597610474,1948,record/1948.png
222.8715898990631,1949,record/1949.png
223.00324892997742,1950,record/1950.png
223.13625407218933,1951,record/1951.png
223.27126097679138,1952,record/1952.png
223.40396904945374,1953,record/1953.png
223.5483021736145,1954,record/1954.png
223.66961312294006,1955,record/1955.png
223.80259108543396,1956,record/1956.png
223.94091296195984,1957,record/1957.png
224.06924104690552,1958,record/1958.png
224.2031512260437,1959,record/1959.png
224.33745002746582,1960,record/1960.png
224.46880316734314,1961,record/1961.png
224.6031301021576,1962,record/1962.png
224.73646807670593,1963,record/1963.png
224.8695650100708,1964,record/1964.png
225.00293803215027,1965,record/1965.png
225.13504886627197,1966,record/1966.png
225.2700879573822,1967,record/1967.png
225.40238690376282,1968,record/1968.png
225.53723812103271,1969,record/1969.png
225.66816091537476,1970,record/1970.png
225.80177307128906,1971,record/1971.png
225.93809294700623,1972,record/1972.png
226.07075190544128,1973,record/1973.png
226.20473289489746,1974,record/1974.png
226.3352451324463,1975,record/1975.png
226.4710772037506,1976,record/1976.png
226.60169291496277,1977,record/1977.png
226.7358798980713,1978,record/1978.png
226.8691918849945,1979,record/1979.png
227.0028429031372,1980,record/1980.png
227.13552594184875,1981,record/1981.png
227.27001023292542,1982,record/1982.png
227.4010989665985,1983,record/1983.png
227.53539609909058,1984,record/1984.png
227.668133020401,1985,record/1985.png
227.80246806144714,1986,record/1986.png
227.93580603599548,1987,record/1987.png
228.06808590888977,1988,record/1988.png
228.2010099887848,1989,record/1989.png
228.3353979587555,1990,record/1990.png
228.4710772037506,1991,record/1991.png
228.60269379615784,1992,record/1992.png
228.70425009727478,1993,record/1993.png
228.83631205558777,1994,record/1994.png
228.96970105171204,1995,record/1995.png
229.10301685333252,1996,record/1996.png
229.23638081550598,1997,record/1997.png
229.36932706832886,1998,record/1998.png
229.50730800628662,1999,record/1999.png
229.63450598716736,2000,record/2000.png
229.76861691474915,2001,record/2001.png
229.90330123901367,2002,record/2002.png
230.03524899482727,2003,record/2003.png
230.16641688346863,2004,record/2004.png
230.30180501937866,2005,record/2005.png
230.43432903289795,2006,record/2006.png
230.5674569606781,2007,record/2007.png
230.70130109786987,2008,record/2008.png
230.83564591407776,2009,record/2009.png
230.9715280532837,2010,record/2010.png
231.1044979095459,2011,record/2011.png
231.23511910438538,2012,record/2012.png
231.36592888832092,2013,record/2013.png
231.50403499603271,2014,record/2014.png
231.63456010818481,2015,record/2015.png
231.76882314682007,2016,record/2016.png
231.90029096603394,2017,record/2017.png
232.03518319129944,2018,record/2018.png
232.16987109184265,2019,record/2019.png
232.30244708061218,2020,record/2020.png
232.4351029396057,2021,record/2021.png
232.56730699539185,2022,record/2022.png
232.6655821800232,2023,record/2023.png
232.76674699783325,2024,record/2024.png
232.9008641242981,2025,record/2025.png
233.033527135849,2026,record/2026.png
233.16738104820251,2027,record/2027.png
233.29967308044434,2028,record/2028.png
233.43328094482422,2029,record/2029.png
233.56771302223206,2030,record/2030.png
233.70094990730286,2031,record/2031.png
233.8333089351654,2032,record/2032.png
233.9670159816742,2033,record/2033.png
234.10017681121826,2034,record/2034.png
234.23530292510986,2035,record/2035.png
234.36595106124878,2036,record/2036.png
234.51093196868896,2037,record/2037.png
234.63251996040344,2038,record/2038.png
234.76770520210266,2039,record/2039.png
234.89805006980896,2040,record/2040.png
235.00119185447693,2041,record/2041.png
235.1333110332489,2042,record/2042.png
235.2650270462036,2043,record/2043.png
235.3658812046051,2044,record/2044.png
235.50692105293274,2045,record/2045.png
235.6319601535797,2046,record/2046.png
235.73327684402466,2047,record/2047.png
235.86961889266968,2048,record/2048.png
235.99907612800598,2049,record/2049.png
236.13449001312256,2050,record/2050.png
236.2666220664978,2051,record/2051.png
236.4066309928894,2052,record/2052.png
236.5341989994049,2053,record/2053.png
236.63343906402588,2054,record/2054.png
236.76547193527222,2055,record/2055.png
236.90012383460999,2056,record/2056.png
237.03229212760925,2057,record/2057.png
237.16641688346863,2058,record/2058.png
237.30112099647522,2059,record/2059.png
237.4323959350586,2060,record/2060.png
237.56471300125122,2061,record/2061.png
237.6990020275116,2062,record/2062.png
237.8319239616394,2063,record/2063.png
237.964448928833,2064,record/2064.png
238.09947395324707,2065,record/2065.png
238.2317090034485,2066,record/2066.png
238.36662817001343,2067,record/2067.png
238.49816918373108,2068,record/2068.png
238.6317639350891,2069,record/2069.png
238.76736211776733,2070,record/2070.png
238.89938497543335,2071,record/2071.png
239.03109979629517,2072,record/2072.png
239.1654179096222,2073,record/2073.png
239.29771995544434,2074,record/2074.png
239.43150305747986,2075,record/2075.png
239.5671670436859,2076,record/2076.png
239.69883394241333,2077,record/2077.png
