0.13890409469604492,0,0
0.23659014701843262,0,0
0.3443331718444824,0,0
0.4420430660247803,0,0
0.5426990985870361,0,0
0.6466410160064697,0,0
0.7457709312438965,0,0
0.8474340438842773,0,0
0.9470160007476807,0,0
1.0448341369628906,0,0
1.144176959991455,0,0
1.2436420917510986,0,0
1.344594955444336,0,0
1.4433631896972656,0,0
1.5404260158538818,0,0
1.6380400657653809,0,0
1.7456929683685303,50,-50
1.8484821319580078,50,-50
1.9443159103393555,50,-50
2.0390570163726807,50,-50
2.1399219036102295,50,-50
2.243680000305176,50,-50
2.3454320430755615,50,-50
2.447154998779297,50,-50
2.539216995239258,50,-50
2.6406478881835938,50,-50
2.744533061981201,50,-50
2.843045949935913,50,-50
2.9539949893951416,50,-50
3.043703079223633,50,-50
3.143418073654175,50,-50
3.236720085144043,50,-50
3.3420369625091553,50,-50
3.4392549991607666,50,-50
3.54577898979187,50,-50
3.642544984817505,50,-50
3.744089126586914,50,-50
3.8450429439544678,50,-50
3.942150831222534,50,-50
4.045476198196411,50,-50
4.180687189102173,50,-50
4.277084827423096,50,-50
4.377411127090454,50,-50
4.473365068435669,50,-50
4.576961994171143,50,-50
4.67216682434082,50,-50
4.773560047149658,50,-50
4.876216173171997,50,-50
4.986888885498047,50,-50
5.105607986450195,0,0
5.21340799331665,0,0
5.307973861694336,0,0
5.414287090301514,20,20
5.510361194610596,20,20
5.609305143356323,20,20
5.703696250915527,20,20
5.909818172454834,20,20
6.016326904296875,20,20
6.107819080352783,20,20
6.2084009647369385,20,20
6.310167074203491,20,20
6.410672903060913,20,20
6.51325798034668,20,20
6.6043860912323,20,20
6.711474895477295,20,20
6.811109781265259,20,20
6.912843942642212,20,20
7.008466005325317,0,0
7.109076023101807,0,0
7.210193872451782,0,0
7.307915925979614,0,0
7.412147045135498,0,0
7.511507034301758,0,0
7.611846923828125,0,0
7.714022874832153,0,0
7.809279918670654,0,0
7.912567138671875,0,0
8.008002042770386,20,20
8.105844974517822,20,20
8.213115930557251,20,20
8.308689832687378,20,20
8.404288053512573,20,20
8.50742506980896,20,20
8.60677981376648,20,20
8.710474014282227,20,20
8.806619882583618,20,20
8.907701015472412,20,20
9.01352596282959,20,20
9.105416059494019,20,20
9.21337103843689,20,20
9.308642148971558,20,20
9.415262937545776,20,20
9.541782140731812,0,0
9.632960081100464,0,0
9.734238862991333,0,0
9.839493036270142,0,0
9.942888021469116,0,0
10.044092893600464,0,0
10.137759923934937,0,0
10.243823051452637,0,0
10.34232497215271,0,0
10.43900203704834,0,0
10.540085077285767,0,0
10.635107040405273,0,0
10.73987889289856,0,0
10.83932113647461,0,0
10.939631223678589,0,0
11.039491176605225,0,0
11.13710904121399,20,20
11.237183094024658,20,20
11.348966836929321,20,20
11.478159189224243,20,20
11.57370114326477,20,20
11.675698041915894,20,20
11.77720022201538,20,20
11.87836217880249,20,20
11.976827144622803,20,20
12.076189041137695,20,20
12.18196702003479,20,20
12.273329973220825,20,20
12.379755020141602,20,20
12.47402286529541,20,20
12.57201099395752,20,20
12.6718111038208,20,20
12.78043007850647,20,20
12.875083923339844,0,0
12.981322050094604,0,0
13.078699111938477,0,0
13.174905061721802,0,0
13.276896953582764,0,0
13.374075174331665,0,0
13.471672058105469,0,0
13.573399066925049,50,-50
13.673754930496216,50,-50
13.775112867355347,50,-50
13.875425100326538,50,-50
13.979825973510742,50,-50
14.103440999984741,30,-70
14.208853006362915,30,-70
14.300718069076538,30,-70
14.40482211112976,30,-70
14.516272068023682,30,-70
14.602727890014648,0,0
14.707211017608643,0,0
14.808095932006836,0,0
14.90981912612915,0,0
15.013136863708496,0,0
15.107521057128906,0,0
15.213240146636963,0,0
15.306195974349976,0,0
15.402997970581055,0,0
15.508386135101318,0,0
15.714613914489746,0,0
15.838773965835571,50,-50
15.943056106567383,50,-50
16.040109157562256,50,-50
16.140913009643555,50,-50
16.235543966293335,50,-50
16.34339189529419,50,-50
16.435749053955078,50,-50
16.539161205291748,50,-50
16.63793110847473,50,-50
16.739344120025635,50,-50
16.838746786117554,50,-50
16.941072940826416,50,-50
17.036552906036377,50,-50
17.140185117721558,50,-50
17.246626138687134,50,-50
17.342035055160522,50,-50
17.439733028411865,50,-50
17.533690214157104,50,-50
17.640388011932373,50,-50
17.734158039093018,50,-50
17.83943510055542,50,-50
17.942800045013428,50,-50
18.03992199897766,50,-50
18.142075061798096,50,-50
18.240041971206665,50,-50
18.33859610557556,50,-50
18.439292907714844,50,-50
18.535136938095093,50,-50
18.63603711128235,50,-50
18.741610050201416,50,-50
18.839784860610962,50,-50
18.935953855514526,50,-50
19.04613995552063,50,-50
19.142245054244995,50,-50
19.23768711090088,50,-50
19.33427095413208,50,-50
19.4339120388031,50,-50
19.539557933807373,50,-50
19.637829780578613,50,-50
19.741379022598267,50,-50
19.836031913757324,50,-50
19.93916893005371,50,-50
20.041385889053345,50,-50
20.13791298866272,50,-50
20.23840093612671,50,-50
20.340825080871582,0,0
20.4386990070343,0,0
20.538038969039917,0,0
20.625733137130737,-20,-20
20.726749897003174,-20,-20
20.833388090133667,-20,-20
20.937443017959595,-20,-20
21.047715187072754,-20,-20
21.141533851623535,-20,-20
21.23435115814209,-20,-20
21.333982944488525,-20,-20
21.4391930103302,-20,-20
21.5420081615448,-20,-20
21.636199951171875,-20,-20
21.739120960235596,-20,-20
21.83291506767273,-20,-20
21.94152283668518,-20,-20
22.03548288345337,-20,-20
22.13520312309265,0,0
22.2330801486969,0,0
22.337065935134888,50,-50
22.439461946487427,50,-50
22.545979022979736,50,-50
22.632566928863525,50,-50
22.739360094070435,50,-50
22.846789836883545,50,-50
22.97798204421997,50,-50
23.07076406478882,50,-50
23.173703908920288,50,-50
23.268182039260864,50,-50
23.376606941223145,50,-50
23.468540906906128,50,-50
23.56495499610901,50,-50
23.668527126312256,50,-50
23.774469137191772,50,-50
23.867308139801025,50,-50
23.9665310382843,50,-50
24.072607040405273,50,-50
24.16745090484619,50,-50
24.27194905281067,50,-50
24.37599802017212,50,-50
24.469197988510132,50,-50
24.568592071533203,50,-50
24.669708967208862,50,-50
24.773844003677368,50,-50
24.870080947875977,50,-50
24.974552154541016,50,-50
25.066532135009766,50,-50
25.17058801651001,50,-50
25.27300000190735,50,-50
25.37144708633423,50,-50
25.47091007232666,50,-50
25.569915056228638,50,-50
25.671082019805908,50,-50
25.76744508743286,50,-50
25.865083932876587,50,-50
25.969244956970215,50,-50
26.07129192352295,50,-50
26.17610812187195,50,-50
26.269405841827393,50,-50
26.36846423149109,50,-50
26.470277070999146,50,-50
26.570194005966187,50,-50
26.675709009170532,50,-50
26.763801097869873,50,-50
26.867387056350708,50,-50
26.97089195251465,50,-50
27.06917715072632,50,-50
27.170960903167725,50,-50
27.26763916015625,50,-50
27.364284992218018,50,-50
27.467060089111328,50,-50
27.563644886016846,50,-50
27.66453719139099,50,-50
27.766855001449585,50,-50
27.86938190460205,50,-50
28.000699043273926,50,-50
28.100910186767578,50,-50
28.209134101867676,50,-50
28.339377880096436,50,-50
28.433329820632935,50,-50
28.530010223388672,0,0
28.642320156097412,0,0
28.734320878982544,0,0
28.831128120422363,20,20
28.931336879730225,20,20
29.035551071166992,20,20
29.133637189865112,20,20
29.23472309112549,20,20
29.33785104751587,20,20
29.425665140151978,20,20
29.526231050491333,20,20
29.625083923339844,20,20
29.726130962371826,20,20
29.823376893997192,20,20
29.9273099899292,20,20
30.025744199752808,20,20
30.122633934020996,20,20
30.223365783691406,20,20
30.327001094818115,20,20
30.429708003997803,20,20
30.52211308479309,20,20
30.616405963897705,20,20
30.68341088294983,20,20
30.784178018569946,20,20
30.88901925086975,20,20
30.998153924942017,20,20
31.092693090438843,20,20
31.193567991256714,20,20
31.292197227478027,20,20
31.39580488204956,20,20
31.493371963500977,20,20
31.59448003768921,20,20
31.694188117980957,20,20
31.79611587524414,0,0
31.889811038970947,0,0
31.997169971466064,0,0
32.09327697753906,0,0
32.19662690162659,0,0
32.292582988739014,0,0
32.39658999443054,0,0
32.491498947143555,0,0
32.590364933013916,0,0
32.689144134521484,0,0
32.79508709907532,0,0
32.895822048187256,0,0
32.99097394943237,0,0
33.08949899673462,0,0
33.19226694107056,0,0
33.29508090019226,0,0
33.390002965927124,0,0
33.491117000579834,0,0
33.58904004096985,20,20
33.69472789764404,20,20
33.79529809951782,20,20
33.88939595222473,20,20
33.99145293235779,20,20
34.092933177948,20,20
34.1938419342041,20,20
34.28881502151489,0,0
34.41093397140503,0,0
34.53567886352539,0,0
34.63199996948242,0,0
34.73131203651428,0,0
34.84637689590454,0,0
34.965436935424805,0,0
35.073688983917236,50,-50
35.16959595680237,50,-50
35.26858711242676,50,-50
35.3670539855957,50,-50
35.46696400642395,50,-50
35.567931175231934,50,-50
35.66738986968994,50,-50
35.76480197906494,50,-50
35.87437391281128,50,-50
35.99805212020874,50,-50
36.10266590118408,50,-50
36.200993061065674,50,-50
36.30220913887024,50,-50
36.40396308898926,50,-50
36.540027141571045,50,-50
36.63392686843872,50,-50
36.73133587837219,50,-50
36.82862424850464,50,-50
36.93235516548157,50,-50
37.03427600860596,0,0
37.131173849105835,0,0
37.23157715797424,0,0
37.33325481414795,0,0
37.4278359413147,20,20
37.535176038742065,20,20
37.625242948532104,20,20
37.73714089393616,20,20
37.83070421218872,20,20
37.92810297012329,0,0
38.03230094909668,0,0
38.1309540271759,0,0
38.232412815093994,0,0
38.33121204376221,50,-50
38.44119095802307,50,-50
38.56491208076477,50,-50
38.66381311416626,50,-50
38.772170066833496,50,-50
38.86368107795715,50,-50
38.96673512458801,50,-50
39.064505100250244,0,0
39.16329002380371,0,0
39.26580810546875,0,0
39.36846995353699,0,0
39.464998960494995,-20,-20
39.56398105621338,-20,-20
39.66049003601074,-20,-20
39.762014865875244,-20,-20
39.86325716972351,-20,-20
39.96584391593933,-20,-20
40.071489095687866,-20,-20
40.207266092300415,-20,-20
40.32824087142944,-20,-20
40.433592081069946,-20,-20
40.52807307243347,-20,-20
40.619225025177,0,0
40.7201189994812,0,0
40.83359408378601,0,0
40.929317235946655,0,0
41.03493595123291,0,0
41.13032388687134,0,0
41.23252201080322,0,0
41.329822063446045,50,-50
41.43007206916809,50,-50
41.528160095214844,50,-50
41.61666989326477,50,-50
41.72476005554199,50,-50
41.8203980922699,50,-50
41.92346811294556,50,-50
42.02263307571411,50,-50
42.120075941085815,50,-50
42.21915793418884,50,-50
42.32324814796448,50,-50
42.4206440448761,50,-50
42.517056941986084,50,-50
42.621299028396606,50,-50
42.72597002983093,50,-50
42.819867849349976,50,-50
42.92141795158386,50,-50
43.02054405212402,50,-50
43.12482690811157,50,-50
43.22619605064392,50,-50
43.32347798347473,50,-50
43.4236421585083,50,-50
43.521260023117065,50,-50
43.622281074523926,50,-50
43.73074722290039,50,-50
43.82301902770996,50,-50
43.922341108322144,50,-50
44.017905950546265,50,-50
44.118387937545776,50,-50
44.219058990478516,50,-50
44.32407307624817,50,-50
44.41975712776184,50,-50
44.52085900306702,50,-50
44.623772859573364,50,-50
44.719008922576904,50,-50
44.819782972335815,50,-50
44.92237997055054,50,-50
45.0189950466156,50,-50
45.120591163635254,50,-50
45.22404408454895,50,-50
45.31933307647705,50,-50
45.42286992073059,50,-50
45.516839027404785,50,-50
45.61882495880127,50,-50
45.718327045440674,50,-50
45.82383990287781,50,-50
45.91659593582153,50,-50
46.0220000743866,50,-50
46.122352838516235,50,-50
46.21793508529663,50,-50
46.31915497779846,50,-50
46.42214393615723,0,0
46.51855683326721,0,0
46.632593870162964,0,0
46.72836208343506,0,0
46.830618143081665,20,20
46.92625093460083,20,20
47.02519202232361,20,20
47.12693405151367,20,20
47.22847509384155,20,20
47.33005213737488,20,20
47.42924213409424,20,20
47.52874398231506,20,20
47.62724995613098,20,20
47.735806941986084,20,20
47.83428883552551,20,20
47.9315710067749,20,20
48.027507066726685,20,20
48.1246600151062,20,20
48.229068994522095,20,20
48.32839608192444,20,20
48.427103996276855,20,20
48.52377104759216,0,0
48.633893966674805,0,0
48.727092027664185,0,0
48.83317995071411,0,0
48.9273841381073,0,0
49.02966809272766,0,0
49.12656307220459,0,0
49.22825288772583,0,0
49.33064079284668,0,0
49.438722133636475,0,0
49.556270122528076,0,0
49.66291093826294,0,0
49.76559805870056,0,0
49.86384892463684,0,0
49.962774991989136,0,0
50.065366983413696,0,0
50.16184186935425,50,-50
50.26294994354248,50,-50
50.36232805252075,50,-50
50.45714712142944,50,-50
50.56150817871094,50,-50
50.65742111206055,50,-50
50.761614084243774,50,-50
50.86142587661743,50,-50
50.96286416053772,50,-50
51.06781315803528,50,-50
51.20185899734497,50,-50
51.30058693885803,50,-50
51.39643383026123,50,-50
51.495402097702026,50,-50
51.5874080657959,50,-50
51.68707799911499,50,-50
51.794466972351074,50,-50
51.892220973968506,50,-50
51.99502992630005,50,-50
52.09356498718262,50,-50
52.18857002258301,50,-50
52.28990888595581,50,-50
52.39649295806885,50,-50
52.491283893585205,50,-50
52.58440709114075,50,-50
52.682729959487915,50,-50
52.78191685676575,50,-50
52.89106202125549,50,-50
52.99442791938782,50,-50
53.09123206138611,50,-50
53.19480919837952,50,-50
53.2949161529541,50,-50
53.393665075302124,50,-50
53.495712995529175,50,-50
53.590481996536255,50,-50
53.689565896987915,50,-50
53.79316210746765,50,-50
53.8898229598999,50,-50
53.98864006996155,50,-50
54.095794916152954,50,-50
54.19595217704773,50,-50
54.29697108268738,50,-50
54.397067070007324,50,-50
54.4965660572052,50,-50
54.59264898300171,50,-50
54.697959899902344,50,-50
54.795665979385376,50,-50
54.894728899002075,50,-50
54.99405789375305,0,0
55.0945200920105,0,0
55.19215488433838,0,0
55.29432201385498,0,0
55.39524722099304,0,0
55.49557900428772,0,0
55.58993101119995,20,20
55.691609144210815,20,20
55.7984881401062,20,20
55.89375901222229,20,20
55.99642896652222,20,20
56.08703112602234,20,20
56.19318103790283,20,20
56.29347205162048,20,20
56.39173197746277,20,20
56.49436593055725,20,20
56.59049606323242,20,20
56.694523096084595,20,20
56.79320693016052,20,20
56.8943190574646,20,20
56.99439215660095,20,20
57.09816813468933,20,20
57.194560050964355,20,20
57.28845691680908,20,20
57.39095187187195,20,20
57.495758056640625,20,20
57.58936285972595,0,0
57.692567110061646,0,0
57.789573192596436,0,0
57.89993691444397,0,0
58.0249559879303,0,0
58.127846002578735,0,0
58.22424387931824,0,0
58.321228981018066,0,0
58.42389893531799,0,0
58.52583193778992,0,0
58.624770164489746,0,0
58.727173805236816,0,0
58.85859298706055,0,0
58.963194131851196,0,0
59.0616819858551,0,0
59.159334897994995,0,0
59.25985503196716,20,20
59.36380910873413,20,20
59.492993116378784,20,20
59.59075307846069,20,20
59.693082094192505,20,20
59.800971031188965,20,20
59.924670934677124,20,20
60.01954889297485,20,20
60.131787061691284,20,20
60.227373123168945,20,20
60.32912302017212,20,20
60.423907995224,20,20
60.52130603790283,20,20
60.622421979904175,20,20
60.71937894821167,20,20
60.8257839679718,20,20
60.92376708984375,20,20
61.01968789100647,20,20
61.125892162323,20,20
61.225318908691406,20,20
61.317521810531616,20,20
61.425143003463745,20,20
61.524662017822266,20,20
61.620786905288696,20,20
61.72408604621887,20,20
61.827171087265015,20,20
61.92527484893799,0,0
62.02228498458862,0,0
62.12290000915527,50,-50
62.22222685813904,50,-50
62.323797941207886,50,-50
62.42384195327759,50,-50
62.51905608177185,50,-50
62.61409401893616,50,-50
62.71442794799805,50,-50
62.815747022628784,50,-50
62.91749811172485,50,-50
63.025742053985596,50,-50
63.11737012863159,50,-50
63.21592712402344,50,-50
63.32556104660034,50,-50
63.41796898841858,50,-50
63.51801109313965,50,-50
63.61817288398743,50,-50
63.717732191085815,50,-50
63.81861925125122,50,-50
63.918248891830444,50,-50
64.02180099487305,50,-50
64.12325096130371,50,-50
64.22264909744263,50,-50
64.32187104225159,50,-50
64.42237210273743,50,-50
64.5228521823883,50,-50
64.61923098564148,50,-50
64.7168698310852,50,-50
64.82136011123657,50,-50
64.92148613929749,50,-50
65.02216506004333,50,-50
65.1208188533783,50,-50
65.21999001502991,50,-50
65.3194649219513,50,-50
65.41961812973022,50,-50
65.51857995986938,50,-50
65.6132390499115,50,-50
65.7182970046997,50,-50
65.81839799880981,50,-50
65.92076110839844,50,-50
66.02105712890625,50,-50
66.12189483642578,0,0
66.22090911865234,0,0
66.32429909706116,0,0
66.41984796524048,0,0
66.52226781845093,0,0
66.61644101142883,0,0
66.72450995445251,-20,-20
66.82307982444763,-20,-20
66.92113614082336,-20,-20
67.02063417434692,-20,-20
67.12301802635193,-20,-20
67.21874904632568,-20,-20
67.32261204719543,-20,-20
67.42439103126526,-20,-20
67.51777505874634,-20,-20
67.6168761253357,-20,-20
67.72287321090698,-20,-20
67.82174110412598,-20,-20
67.91603302955627,-20,-20
68.02365708351135,-20,-20
68.11959099769592,-20,-20
68.23007988929749,-20,-20
68.31925201416016,-20,-20
68.42769193649292,-20,-20
68.52850198745728,-20,-20
68.61526203155518,-20,-20
68.71234679222107,0,0
68.81736397743225,0,0
68.91364097595215,0,0
69.01678705215454,50,-50
69.11757802963257,50,-50
69.21439790725708,50,-50
69.31354689598083,50,-50
69.41316604614258,50,-50
69.51812100410461,50,-50
69.61364197731018,50,-50
69.71478509902954,50,-50
69.81097602844238,50,-50
69.90804600715637,50,-50
70.01535415649414,50,-50
70.11298680305481,50,-50
70.20992588996887,50,-50
70.31505298614502,50,-50
70.41288495063782,50,-50
70.51324796676636,50,-50
70.61155414581299,50,-50
70.7140109539032,50,-50
70.81337189674377,50,-50
70.91130495071411,50,-50
71.01425004005432,50,-50
71.11501383781433,50,-50
71.21372294425964,50,-50
71.31430983543396,50,-50
71.41348886489868,50,-50
71.51387286186218,50,-50
71.61232399940491,50,-50
71.71451020240784,50,-50
71.82017302513123,50,-50
71.9104859828949,50,-50
72.01547122001648,50,-50
72.11231899261475,50,-50
72.21356892585754,50,-50
72.31270718574524,50,-50
72.412517786026,50,-50
72.51037502288818,50,-50
72.61167597770691,50,-50
72.71230697631836,50,-50
72.81574511528015,50,-50
72.90837287902832,50,-50
73.00965189933777,50,-50
73.11170411109924,50,-50
73.21007013320923,0,0
73.30980896949768,0,0
73.41288805007935,0,0
73.51849508285522,0,0
73.6234130859375,-20,-20
73.72627091407776,-20,-20
73.81992506980896,-20,-20
73.91558194160461,-20,-20
74.01981115341187,-20,-20
74.12243986129761,-20,-20
74.2202250957489,-20,-20
74.32289791107178,-20,-20
74.4184341430664,0,0
74.5184690952301,0,0
74.62175583839417,0,0
74.7189712524414,0,0
74.81592082977295,50,-50
74.92124199867249,50,-50
75.01905679702759,50,-50
75.11883115768433,50,-50
75.2186930179596,50,-50
75.31791496276855,50,-50
75.41794991493225,50,-50
75.51972985267639,50,-50
75.62157201766968,50,-50
75.71796607971191,50,-50
75.82349014282227,50,-50
75.92034411430359,50,-50
76.02446413040161,50,-50
76.12012219429016,50,-50
76.21750998497009,50,-50
76.31460094451904,50,-50
76.42315602302551,50,-50
76.52076387405396,50,-50
76.61918115615845,50,-50
76.71762990951538,50,-50
76.82079410552979,50,-50
76.92049312591553,50,-50
77.01783084869385,0,0
77.1192581653595,0,0
77.21870112419128,0,0
77.31558203697205,-20,-20
77.41958999633789,-20,-20
77.51631593704224,-20,-20
77.61086702346802,-20,-20
77.70469403266907,-20,-20
77.78084707260132,-20,-20
77.88086104393005,-20,-20
77.98355603218079,-20,-20
78.08662390708923,-20,-20
78.18476605415344,-20,-20
78.28954601287842,-20,-20
78.38022994995117,-20,-20
78.48590993881226,-20,-20
78.58448004722595,-20,-20
78.6882061958313,-20,-20
78.78458404541016,-20,-20
78.8858859539032,-20,-20
78.99298691749573,-20,-20
79.08836507797241,-20,-20
79.18612313270569,-20,-20
79.2863380908966,-20,-20
79.38198614120483,0,0
79.48651790618896,0,0
79.5858359336853,50,-50
79.68519806861877,50,-50
79.78542685508728,50,-50
79.88648796081543,50,-50
79.9892349243164,50,-50
80.08454918861389,50,-50
80.1842451095581,50,-50
80.29265999794006,50,-50
80.38195610046387,50,-50
80.48470616340637,50,-50
80.58395600318909,50,-50
80.68077898025513,50,-50
80.7843189239502,50,-50
80.88524603843689,50,-50
80.98376083374023,50,-50
81.08562397956848,50,-50
81.18288588523865,50,-50
81.28376698493958,50,-50
81.38300585746765,50,-50
81.4840178489685,50,-50
81.58868503570557,50,-50
81.68353509902954,50,-50
81.81768798828125,50,-50
81.91824793815613,50,-50
82.01900100708008,50,-50
82.11740493774414,50,-50
82.21877193450928,50,-50
82.31656098365784,50,-50
82.41628289222717,50,-50
82.52406597137451,50,-50
82.62110495567322,50,-50
82.71370506286621,50,-50
82.81724381446838,50,-50
82.92063903808594,50,-50
83.01364088058472,50,-50
83.11563301086426,50,-50
83.21787905693054,50,-50
83.32106900215149,50,-50
83.41514801979065,50,-50
83.51878714561462,50,-50
83.61742997169495,50,-50
83.71506190299988,50,-50
83.81362795829773,50,-50
83.91638088226318,50,-50
84.02275204658508,50,-50
84.11523199081421,50,-50
84.21587300300598,50,-50
84.31768918037415,50,-50
84.41603088378906,50,-50
84.51486587524414,50,-50
84.61607909202576,50,-50
84.71254086494446,50,-50
84.81582498550415,50,-50
84.9112000465393,50,-50
85.01440405845642,50,-50
85.11472797393799,50,-50
85.21614003181458,50,-50
85.31651782989502,50,-50
85.41604900360107,50,-50
85.51601004600525,50,-50
85.60774302482605,50,-50
85.71836495399475,50,-50
85.8152482509613,0,0
85.91368508338928,0,0
86.01666498184204,20,20
86.12006306648254,20,20
86.21633696556091,20,20
86.31707215309143,20,20
86.41540193557739,20,20
86.52269792556763,20,20
86.59912014007568,20,20
86.69929385185242,20,20
86.80046582221985,20,20
86.91200685501099,20,20
87.00572204589844,0,0
87.10672092437744,0,0
87.20777201652527,0,0
87.30598497390747,0,0
87.40402007102966,0,0
87.50938200950623,50,-50
87.60548090934753,50,-50
87.70444583892822,50,-50
87.80493497848511,50,-50
87.90710091590881,50,-50
88.00486993789673,50,-50
88.11128091812134,50,-50
88.20471906661987,50,-50
88.31106686592102,50,-50
88.40285801887512,0,0
88.50295615196228,0,0
88.60243797302246,0,0
88.7049069404602,0,0
88.80576205253601,0,0
88.90917086601257,0,0
89.06516194343567,0,0
89.16462588310242,0,0
89.26646089553833,0,0
89.3650438785553,20,20
89.46433091163635,20,20
89.56404995918274,20,20
89.66476202011108,20,20
89.76334595680237,20,20
89.86581802368164,0,0
89.96485304832458,0,0
90.06495904922485,0,0
90.1661651134491,0,0
90.26467895507812,0,0
90.36490797996521,0,0
90.4630880355835,0,0
90.56476402282715,0,0
90.66476106643677,50,-50
90.76858806610107,50,-50
90.89940404891968,50,-50
91.03088903427124,50,-50
91.1664400100708,50,-50
91.29912495613098,50,-50
91.43044996261597,50,-50
91.57019996643066,50,-50
91.67664408683777,50,-50
91.81018114089966,50,-50
91.94434690475464,50,-50
92.07327318191528,0,0
92.21029496192932,0,0
92.33857798576355,0,0
92.47216510772705,0,0
92.61146712303162,0,0
92.73786401748657,0,0
92.88172483444214,0,0
93.01159906387329,0,0
93.13926815986633,0,0
93.27019810676575,0,0
93.37345004081726,0,0
93.50589323043823,0,0
93.63939785957336,0,0
93.77577185630798,0,0
93.90962100028992,0,0
94.04096579551697,0,0
94.16990208625793,0,0
94.30617809295654,0,0
94.44142699241638,0,0
94.57086205482483,0,0
94.70775508880615,0,0
94.83757209777832,-20,-20
94.99388694763184,-20,-20
95.13822412490845,-20,-20
95.26728796958923,-20,-20
95.37161588668823,-20,-20
95.51391887664795,-20,-20
95.63705801963806,-20,-20
95.77390789985657,-20,-20
95.90508317947388,-20,-20
96.03766989707947,-20,-20
96.1759901046753,-20,-20
96.30462408065796,-20,-20
96.43466806411743,-20,-20
96.57418012619019,-20,-20
96.70648908615112,-20,-20
96.83972311019897,-20,-20
96.97277688980103,-20,-20
97.1041829586029,-20,-20
97.23663592338562,-20,-20
97.37564277648926,-20,-20
97.5074520111084,-20,-20
97.63509702682495,-20,-20
97.73523211479187,0,0
97.83417010307312,0,0
97.93551301956177,0,0
98.03543615341187,0,0
98.13781309127808,0,0
98.23447608947754,0,0
98.33479404449463,50,-50
98.4354829788208,50,-50
98.53632521629333,50,-50
98.64165091514587,50,-50
98.76779794692993,50,-50
98.86868190765381,50,-50
98.96749997138977,50,-50
99.10858702659607,50,-50
99.23461294174194,50,-50
99.37395882606506,50,-50
99.50999593734741,50,-50
99.6411361694336,50,-50
99.77258014678955,50,-50
99.90208792686462,50,-50
100.03737115859985,50,-50
100.17326211929321,50,-50
100.3038980960846,50,-50
100.43650794029236,50,-50
100.56642293930054,50,-50
100.67366981506348,0,0
100.80638003349304,0,0
100.94218707084656,20,20
101.07201790809631,20,20
101.20700001716614,20,20
101.33691382408142,20,20
101.4655511379242,20,20
101.60191416740417,20,20
101.73512387275696,20,20
101.8664698600769,20,20
101.96733379364014,70,-30
102.10219812393188,70,-30
102.23822689056396,70,-30
102.36897611618042,70,-30
102.52188396453857,70,-30
102.63255906105042,70,-30
102.73555302619934,70,-30
102.8354880809784,70,-30
102.9696729183197,70,-30
103.10204696655273,70,-30
103.23437595367432,70,-30
103.37044882774353,70,-30
103.50436401367188,50,-50
103.66107892990112,50,-50
103.79563117027283,50,-50
103.9327039718628,50,-50
104.06212496757507,30,-70
104.19973301887512,30,-70
104.33221292495728,30,-70
104.46030807495117,30,-70
104.59356904029846,30,-70
104.69277787208557,30,-70
104.79369282722473,30,-70
104.89217209815979,30,-70
104.99242997169495,30,-70
105.09266901016235,30,-70
105.19414186477661,30,-70
105.29251313209534,30,-70
105.3928210735321,30,-70
105.49450016021729,30,-70
105.59302806854248,30,-70
105.69078993797302,30,-70
105.79321908950806,30,-70
105.8913459777832,30,-70
105.99100804328918,30,-70
106.09174609184265,30,-70
106.192312002182,30,-70
106.29149317741394,0,0
106.39515280723572,0,0
106.49188613891602,-20,-20
106.59184885025024,-20,-20
106.71116209030151,-20,-20
106.8270058631897,-20,-20
106.92414498329163,-20,-20
107.02754616737366,-20,-20
107.12380003929138,-20,-20
107.22644805908203,-20,-20
107.32486295700073,-20,-20
107.42637014389038,-20,-20
107.52857708930969,-20,-20
107.62952709197998,0,0
107.72389101982117,0,0
107.82614493370056,0,0
107.9237608909607,0,0
108.03007698059082,0,0
108.15826797485352,0,0
108.25959491729736,0,0
108.35752201080322,0,0
108.45751094818115,0,0
108.55643606185913,0,0
108.66975688934326,0,0
108.80067610740662,0,0
108.90058493614197,0,0
108.99902319908142,0,0
109.09972405433655,0,0
109.23198795318604,0,0
109.36686205863953,0,0
109.50248289108276,0,0
109.63282990455627,0,0
109.73140001296997,0,0
109.8680419921875,0,0
109.99920511245728,0,0
110.13472414016724,0,0
110.26758408546448,0,0
110.40326499938965,0,0
110.53783798217773,0,0
110.66554999351501,0,0
110.8001480102539,0,0
110.93738794326782,0,0
111.06822800636292,0,0
111.20006704330444,0,0
111.33427500724792,0,0
111.46349596977234,0,0
111.59671902656555,0,0
111.69648504257202,0,0
111.79815292358398,0,0
111.94235014915466,0,0
112.07414698600769,0,0
112.1992859840393,0,0
112.3360230922699,0,0
112.46405601501465,0,0
112.60247302055359,0,0
112.73112297058105,0,0
112.86931705474854,50,-50
113.00270009040833,50,-50
113.13276600837708,50,-50
113.26289105415344,50,-50
113.4045569896698,50,-50
113.54443597793579,50,-50
113.66271209716797,50,-50
113.80111908912659,50,-50
113.93022322654724,50,-50
114.06341910362244,50,-50
114.20502996444702,0,0
114.33207702636719,0,0
114.46391606330872,-20,-20
114.60561800003052,-20,-20
114.7342221736908,-20,-20
114.86649298667908,-20,-20
114.99544095993042,-20,-20
115.13459205627441,-20,-20
115.26670479774475,-20,-20
115.3962070941925,-20,-20
115.5356171131134,0,0
115.66632008552551,0,0
115.80700492858887,0,0
115.9338550567627,50,-50
116.06670117378235,50,-50
116.20274305343628,50,-50
116.33757305145264,50,-50
116.46862411499023,50,-50
116.59811210632324,50,-50
116.73553109169006,50,-50
116.8698251247406,50,-50
116.99868106842041,50,-50
117.13197112083435,50,-50
117.26996397972107,50,-50
117.39924502372742,50,-50
117.53604197502136,50,-50
117.66507911682129,50,-50
117.80114984512329,50,-50
117.93603706359863,50,-50
118.06061387062073,50,-50
118.16825103759766,50,-50
118.30026602745056,50,-50
118.43141508102417,50,-50
118.56994199752808,50,-50
118.69406485557556,50,-50
118.8009421825409,50,-50
118.93568420410156,50,-50
119.06583905220032,50,-50
119.20114088058472,0,0
119.3297369480133,0,0
119.46924495697021,0,0
119.5945839881897,20,20
119.69331407546997,20,20
119.7945339679718,20,20
119.89294600486755,20,20
119.99357199668884,20,20
120.09338402748108,20,20
120.2014479637146,20,20
120.32732200622559,20,20
120.42725801467896,20,20
120.53745889663696,20,20
120.66231393814087,20,20
120.80229187011719,70,-30
120.93125605583191,70,-30
121.05820894241333,70,-30
121.16725611686707,70,-30
121.29524898529053,70,-30
121.39393401145935,70,-30
121.49718308448792,70,-30
121.62967491149902,70,-30
121.76111102104187,70,-30
121.90145802497864,0,0
122.03431296348572,0,0
122.16328501701355,0,0
122.29839491844177,0,0
122.43343305587769,0,0
122.56084394454956,0,0
122.69737911224365,0,0
122.83082604408264,0,0
122.95981502532959,0,0
123.14865207672119,0,0
123.30379223823547,0,0
123.42792391777039,0,0
123.56794905662537,-50,50
123.69082117080688,-50,50
123.80044603347778,-50,50
123.92940306663513,-50,50
124.0640161037445,-50,50
124.19945096969604,-50,50
124.3261251449585,-50,50
124.4247841835022,-50,50
124.53875613212585,-50,50
124.6586229801178,0,0
124.75716495513916,0,0
124.8581371307373,0,0
124.95901799201965,0,0
125.05809998512268,0,0
125.15896606445312,0,0
125.25922203063965,0,0
125.35916209220886,0,0
125.45839595794678,0,0
125.56524014472961,0,0
125.69137406349182,-20,-20
125.83386015892029,-20,-20
125.96576309204102,-20,-20
126.09505796432495,-20,-20
126.22416996955872,-20,-20
126.3612699508667,0,0
126.49723792076111,0,0
126.62388706207275,0,0
126.72917199134827,0,0
126.85853219032288,50,-50
126.99108600616455,50,-50
127.12689399719238,50,-50
127.25865602493286,50,-50
127.39686799049377,50,-50
127.52492690086365,50,-50
127.6279149055481,50,-50
127.75972604751587,50,-50
127.89264416694641,50,-50
128.02648305892944,50,-50
128.15789890289307,50,-50
128.2925159931183,50,-50
128.42590308189392,50,-50
128.56076312065125,50,-50
128.6939880847931,50,-50
128.82995295524597,50,-50
128.95894289016724,50,-50
129.05901789665222,50,-50
129.191987991333,0,0
129.3286828994751,0,0
129.4584879875183,20,20
129.56268692016602,20,20
129.69192385673523,20,20
129.83488988876343,20,20
129.96017003059387,20,20
130.09159302711487,20,20
130.22734212875366,20,20
130.3620569705963,20,20
130.49314999580383,20,20
130.62501192092896,20,20
130.75709199905396,20,20
130.89162588119507,20,20
131.0240240097046,20,20
131.12726092338562,20,20
131.25771594047546,20,20
131.39397597312927,20,20
131.52968907356262,20,20
131.65449595451355,20,20
131.7614450454712,0,0
131.8961570262909,0,0
132.02360081672668,-50,50
132.15773701667786,-50,50
132.30972504615784,-50,50
132.4223780632019,-50,50
132.52796483039856,-50,50
132.62114000320435,-50,50
132.73321199417114,-50,50
132.85857701301575,-50,50
132.99336695671082,-50,50
133.1311891078949,-50,50
133.2641179561615,-50,50
133.39322113990784,-50,50
133.53802013397217,-50,50
133.65639305114746,-50,50
133.79634308815002,-50,50
133.93183302879333,-50,50
134.05574703216553,-50,50
134.19148206710815,-50,50
134.32935190200806,-50,50
134.45657300949097,-50,50
134.58986496925354,-50,50
134.7268660068512,-50,50
134.8583869934082,-50,50
134.98841190338135,-50,50
135.12405395507812,0,0
135.2568838596344,0,0
135.39786386489868,20,20
135.5251169204712,20,20
135.65623497962952,20,20
135.79228901863098,20,20
135.92260003089905,20,20
136.0576241016388,20,20
136.1967179775238,20,20
136.32665705680847,20,20
136.46045589447021,20,20
136.58751106262207,20,20
136.6876721382141,20,20
136.78927993774414,20,20
136.89461994171143,20,20
137.02290606498718,20,20
137.1228048801422,20,20
137.25579285621643,20,20
137.35567903518677,20,20
137.49541902542114,20,20
137.629634141922,20,20
137.76570916175842,20,20
137.88975405693054,20,20
138.02441811561584,20,20
138.16051411628723,20,20
138.29741311073303,20,20
138.42174410820007,20,20
138.56068515777588,20,20
138.69155883789062,0,0
138.8244709968567,0,0
138.96275401115417,0,0
139.09659218788147,0,0
139.22268199920654,0,0
139.36101508140564,0,0
139.49429988861084,0,0
139.6275429725647,0,0
139.75391507148743,0,0
139.89485383033752,0,0
140.02184510231018,0,0
140.1608910560608,0,0
140.29203987121582,0,0
140.42414212226868,0,0
140.5748689174652,0,0
140.68926692008972,0,0
140.82486605644226,0,0
140.96509790420532,0,0
141.09073996543884,0,0
141.2220311164856,0,0
141.35733199119568,0,0
141.49669194221497,0,0
141.62082505226135,0,0
141.7679522037506,0,0
141.89191818237305,0,0
142.025221824646,0,0
142.15552592277527,0,0
142.28897213935852,0,0
142.4257459640503,0,0
142.56120705604553,0,0
142.68709087371826,0,0
142.82671689987183,0,0
142.9547929763794,0,0
143.0861690044403,0,0
143.22358798980713,0,0
143.3586938381195,0,0
143.48863887786865,0,0
143.62089896202087,0,0
143.72124791145325,0,0
143.82006001472473,0,0
143.92026114463806,50,-50
144.0615439414978,50,-50
144.19263005256653,50,-50
144.32093214988708,50,-50
144.4633491039276,50,-50
144.58483791351318,50,-50
144.69055104255676,50,-50
144.82289099693298,50,-50
144.95764088630676,50,-50
145.09393501281738,0,0
145.21880078315735,0,0
145.35849714279175,0,0
145.49303603172302,0,0
145.6236448287964,0,0
145.75654816627502,0,0
145.89412307739258,0,0
146.0232219696045,0,0
146.15874099731445,0,0
146.29100108146667,0,0
146.42076206207275,0,0
146.55444812774658,0,0
146.68742084503174,0,0
146.82227778434753,0,0
146.95633602142334,0,0
147.08966493606567,-20,-20
147.22482705116272,-20,-20
147.3589859008789,-20,-20
147.49063920974731,-20,-20
147.62001514434814,-20,-20
147.760488986969,-20,-20
147.891704082489,-20,-20
148.02401614189148,-20,-20
148.15639090538025,-20,-20
148.29355120658875,0,0
148.41896510124207,0,0
148.5566909313202,0,0
148.68721508979797,0,0
148.82115006446838,0,0
148.9585201740265,0,0
149.08611297607422,0,0
149.22145199775696,50,-50
149.35589504241943,50,-50
149.49233603477478,50,-50
149.6218192577362,50,-50
149.7578480243683,50,-50
149.88545417785645,50,-50
150.02389097213745,50,-50
150.15861988067627,50,-50
150.28545093536377,50,-50
150.42463207244873,50,-50
150.55680298805237,50,-50
150.6839370727539,50,-50
150.79359316825867,50,-50
150.922847032547,50,-50
151.05581498146057,50,-50
151.1874828338623,50,-50
151.31956100463867,50,-50
151.45507192611694,50,-50
151.58943510055542,50,-50
151.71966791152954,50,-50
151.85493803024292,50,-50
151.98742985725403,50,-50
152.12267017364502,50,-50
152.25753712654114,50,-50
152.38521122932434,50,-50
152.52917098999023,50,-50
152.6557331085205,0,0
152.79034113883972,0,0
152.9200460910797,0,0
153.05518102645874,0,0
153.1882791519165,0,0
153.3216781616211,20,20
153.45627403259277,20,20
153.58994603157043,20,20
153.7188720703125,20,20
153.85706996917725,20,20
153.9848051071167,0,0
154.12403416633606,0,0
154.25746512413025,0,0
154.3879930973053,0,0
154.52729606628418,0,0
154.6478772163391,50,-50
154.79189205169678,50,-50
154.9209520816803,50,-50
155.0491681098938,50,-50
155.14995098114014,50,-50
155.2617540359497,50,-50
155.38669896125793,50,-50
155.52198100090027,50,-50
155.64851307868958,50,-50
155.75347304344177,0,0
155.88238310813904,0,0
156.01663994789124,20,20
156.1542248725891,20,20
156.28868198394775,20,20
156.41962599754333,20,20
156.55817699432373,20,20
156.68595719337463,20,20
156.8227572441101,20,20
156.95039319992065,20,20
157.08495116233826,20,20
157.217875957489,20,20
157.35136198997498,20,20
157.4869089126587,20,20
157.6221890449524,20,20
157.75048804283142,0,0
157.8830590248108,0,0
158.0227551460266,0,0
158.14911103248596,0,0
158.28378105163574,0,0
158.41703915596008,0,0
158.55594491958618,0,0
158.68399906158447,0,0
158.8243420124054,0,0
158.95345997810364,0,0
159.08648920059204,50,-50
159.21593403816223,50,-50
159.3514518737793,50,-50
159.48630595207214,50,-50
159.61673593521118,50,-50
159.75032591819763,0,0
159.88745093345642,0,0
160.0204291343689,0,0
160.1526210308075,0,0
160.28825187683105,0,0
160.41468119621277,0,0
160.5178439617157,0,0
160.6463749408722,0,0
160.78709816932678,0,0
160.91628313064575,0,0
161.04863786697388,0,0
161.1473250389099,0,0
161.28460121154785,0,0
161.41456007957458,0,0
161.5535581111908,0,0
161.6879439353943,0,0
161.8198800086975,0,0
161.9537808895111,0,0
162.0831060409546,0,0
162.21270394325256,0,0
162.31664109230042,0,0
162.44668006896973,0,0
162.58291602134705,0,0
162.70680499076843,0,0
162.80919098854065,50,-50
162.90647196769714,50,-50
163.0061330795288,50,-50
163.10493302345276,0,0
163.20558786392212,0,0
163.30513787269592,0,0
163.4065489768982,0,0
163.5076220035553,0,0
163.63977694511414,-20,-20
163.74034714698792,-20,-20
163.83847498893738,-20,-20
163.9394612312317,-20,-20
164.03922605514526,-20,-20
164.1410779953003,0,0
164.2409029006958,0,0
164.3742229938507,0,0
164.5064070224762,0,0
164.60718321800232,0,0
164.70571279525757,0,0
164.80601286888123,20,20
164.90569281578064,20,20
165.00495600700378,20,20
165.10559582710266,20,20
165.20835614204407,20,20
165.30566096305847,20,20
165.40566205978394,20,20
165.50767993927002,20,20
165.60548996925354,20,20
165.70605492591858,0,0
165.8071949481964,0,0
165.9051342010498,0,0
166.00638794898987,50,-50
166.1051321029663,50,-50
166.20460891723633,50,-50
166.30501198768616,50,-50
166.40477895736694,50,-50
166.50493097305298,50,-50
166.60715103149414,50,-50
166.70458388328552,50,-50
166.80867195129395,50,-50
166.904461145401,50,-50
167.00672888755798,50,-50
167.10443496704102,50,-50
167.20492005348206,50,-50
167.30640578269958,50,-50
167.40459394454956,0,0
167.50916600227356,0,0
167.61816096305847,0,0
167.7443630695343,-20,-20
167.8449158668518,-20,-20
167.98181915283203,-20,-20
168.11521697044373,-20,-20
168.24925684928894,-20,-20
168.3851761817932,-20,-20
168.51343703269958,0,0
168.64005994796753,0,0
168.749272108078,0,0
168.88150906562805,0,0
169.01478910446167,0,0
169.1530270576477,0,0
169.2838761806488,0,0
169.4131269454956,0,0
169.55020999908447,50,-50
169.67664694786072,50,-50
169.81671905517578,50,-50
169.9467179775238,50,-50
170.09424901008606,50,-50
170.21344304084778,0,0
170.3479630947113,0,0
170.48006916046143,0,0
170.6216869354248,0,0
170.74506402015686,0,0
170.84877014160156,0,0
170.98465418815613,-20,-20
171.11706399917603,-20,-20
171.2443687915802,-20,-20
171.3777232170105,-20,-20
171.51600790023804,-20,-20
171.6465950012207,-20,-20
171.77924609184265,-20,-20
171.915452003479,-20,-20
172.04598188400269,-20,-20
172.18228101730347,-20,-20
172.31699204444885,-20,-20
172.4457070827484,0,0
172.57817697525024,0,0
172.7138020992279,0,0
172.84891390800476,0,0
172.9859299659729,0,0
173.1137180328369,0,0
173.2496199607849,0,0
173.3847291469574,50,-50
173.51464796066284,50,-50
173.6500699520111,50,-50
173.77811408042908,50,-50
173.91101598739624,50,-50
174.04740810394287,50,-50
174.17476987838745,50,-50
174.31662487983704,50,-50
174.44627618789673,50,-50
174.57857418060303,50,-50
174.70917105674744,50,-50
174.8425281047821,50,-50
174.98455810546875,50,-50
175.11397290229797,50,-50
175.24436402320862,50,-50
175.37855792045593,50,-50
175.51847410202026,50,-50
175.64112782478333,50,-50
175.77574706077576,50,-50
175.91308689117432,50,-50
176.0411250591278,50,-50
176.17526197433472,50,-50
176.3123869895935,50,-50
176.44581604003906,50,-50
176.57740592956543,50,-50
176.71146607398987,50,-50
176.84736514091492,50,-50
176.9740641117096,50,-50
177.0787079334259,50,-50
177.21380305290222,50,-50
177.34321784973145,50,-50
177.47654819488525,0,0
177.6089949607849,0,0
177.74259781837463,-20,-20
177.8744912147522,-20,-20
178.01022100448608,-20,-20
178.14484310150146,-20,-20
178.27295422554016,-20,-20
178.37667608261108,-20,-20
178.47471594810486,-20,-20
178.57269716262817,-20,-20
178.671128988266,-20,-20
178.78047704696655,-20,-20
178.90901803970337,-20,-20
179.0432231426239,-20,-20
179.18083095550537,-20,-20
179.31247806549072,0,0
179.44350409507751,0,0
179.58354997634888,0,0
179.70786309242249,0,0
179.80812001228333,0,0
179.9103970527649,0,0
180.04466891288757,0,0
180.1849389076233,0,0
180.30996203422546,0,0
180.445955991745,0,0
180.57275104522705,0,0
180.6742479801178,0,0
180.77312994003296,0,0
180.87430906295776,0,0
180.97250986099243,50,-50
181.11119318008423,50,-50
181.24338603019714,50,-50
181.37783193588257,50,-50
181.51192903518677,50,-50
181.64306712150574,50,-50
181.77983784675598,50,-50
181.91296577453613,50,-50
182.0446138381958,50,-50
182.17926502227783,50,-50
182.3067808151245,50,-50
182.4597110748291,50,-50
182.57497596740723,50,-50
182.70711398124695,50,-50
182.84375715255737,50,-50
182.97617197036743,50,-50
183.11426997184753,50,-50
183.24533605575562,50,-50
183.37708115577698,50,-50
183.51368021965027,50,-50
183.6427240371704,50,-50
183.77440786361694,50,-50
183.9138629436493,50,-50
184.04518604278564,0,0
184.1726541519165,0,0
184.31163382530212,-20,-20
184.44556379318237,-20,-20
184.572105884552,-20,-20
184.7069799900055,-20,-20
184.84366703033447,-20,-20
184.97707390785217,-20,-20
185.1153678894043,0,0
185.2401819229126,0,0
185.3736970424652,0,0
185.52633118629456,0,0
185.63835906982422,0,0
185.77830600738525,0,0
185.9085340499878,0,0
186.0411479473114,0,0
186.17976188659668,0,0
186.30875301361084,0,0
186.44467782974243,0,0
186.57877492904663,50,-50
186.70645713806152,50,-50
186.84361386299133,50,-50
186.97690296173096,50,-50
187.11095190048218,50,-50
187.24539399147034,50,-50
187.37909507751465,50,-50
187.51217007637024,50,-50
187.63799500465393,50,-50
187.78066897392273,50,-50
187.90744495391846,50,-50
188.04505801200867,50,-50
188.17639183998108,50,-50
188.31200504302979,50,-50
188.44382405281067,0,0
188.5794517993927,0,0
188.70502710342407,20,20
188.84031009674072,20,20
188.9725580215454,20,20
189.10724878311157,20,20
189.2434298992157,20,20
189.3718159198761,20,20
189.47440886497498,20,20
189.60467100143433,20,20
189.74151706695557,20,20
189.87620615959167,20,20
190.00774812698364,70,-30
190.1376178264618,70,-30
190.2760078907013,70,-30
190.40624523162842,70,-30
190.53946900367737,0,0
190.6660511493683,0,0
190.79806804656982,0,0
190.9309639930725,0,0
191.0678288936615,-20,-20
191.1985559463501,-20,-20
191.29686999320984,-20,-20
191.39753007888794,-20,-20
191.49759197235107,30,-70
191.603276014328,30,-70
191.73009300231934,30,-70
191.82930994033813,30,-70
191.9297330379486,30,-70
192.03020215034485,30,-70
192.13042998313904,50,-50
192.22993206977844,50,-50
192.3310751914978,50,-50
192.42971205711365,0,0
192.5300590991974,0,0
192.63402485847473,0,0
192.73006010055542,0,0
192.82971286773682,0,0
192.93092393875122,0,0
193.02972793579102,20,20
193.12894010543823,20,20
193.23007702827454,20,20
193.32946610450745,20,20
193.42935609817505,20,20
193.52873492240906,20,20
193.629163980484,0,0
193.72981095314026,0,0
193.86461806297302,0,0
193.9665448665619,50,-50
194.09734988212585,50,-50
194.19675493240356,50,-50
194.29654502868652,50,-50
194.3960587978363,50,-50
194.4966242313385,50,-50
194.59643697738647,30,-70
194.69564294815063,30,-70
194.79508805274963,30,-70
194.89457416534424,30,-70
194.99537801742554,30,-70
195.09431910514832,30,-70
195.19578385353088,30,-70
195.29433608055115,30,-70
195.3960189819336,30,-70
195.49573707580566,30,-70
195.59711599349976,50,-50
195.7039201259613,50,-50
195.8412790298462,50,-50
195.97041606903076,50,-50
196.10235691070557,50,-50
196.23743414878845,50,-50
196.3771939277649,50,-50
196.50767421722412,50,-50
196.6410858631134,50,-50
196.7717628479004,30,-70
196.89931797981262,30,-70
197.0044538974762,30,-70
197.14110207557678,30,-70
197.26944398880005,30,-70
197.40561699867249,0,0
197.5346691608429,0,0
197.66951608657837,0,0
197.80918908119202,0,0
197.9422149658203,0,0
198.06953597068787,0,0
198.20809197425842,0,0
198.33501601219177,-50,50
198.46829104423523,-50,50
198.60206484794617,-50,50
198.73669600486755,-50,50
198.87462496757507,-30,70
199.0014488697052,-30,70
199.1406021118164,-30,70
199.271418094635,-30,70
199.40209197998047,-30,70
199.53212594985962,0,0
199.6343550682068,0,0
199.7419788837433,0,0
199.86854195594788,0,0
200.00107502937317,50,-50
200.1361870765686,50,-50
200.27151012420654,50,-50
200.40062808990479,50,-50
200.53619003295898,30,-70
200.67223596572876,30,-70
200.80224514007568,30,-70
200.94002199172974,30,-70
201.07217407226562,30,-70
201.20150923728943,30,-70
201.3403651714325,30,-70
201.46914505958557,0,0
201.60217809677124,0,0
201.74097681045532,0,0
201.87333607673645,0,0
202.00270795822144,0,0
202.13583993911743,20,20
202.27317714691162,20,20
202.40397906303406,20,20
202.54140901565552,20,20
202.6652820110321,20,20
202.80967903137207,0,0
202.933984041214,0,0
203.03653597831726,0,0
203.1734390258789,0,0
203.297926902771,50,-50
203.40577101707458,50,-50
203.53077292442322,50,-50
203.63282895088196,50,-50
203.73214602470398,30,-70
203.8357241153717,30,-70
203.9305920600891,0,0
204.03570413589478,0,0
204.16632080078125,0,0
204.30008816719055,0,0
204.40613508224487,0,0
204.53298783302307,0,0
204.63428807258606,0,0
204.76642680168152,0,0
204.90024495124817,0,0
205.0409779548645,0,0
205.1669020652771,0,0
205.29801607131958,0,0
205.43190097808838,0,0
205.5745232105255,0,0
205.6965811252594,0,0
205.7959020137787,20,20
205.8957450389862,-30,70
206.00154495239258,-30,70
206.13391494750977,-30,70
206.27108097076416,-30,70
206.39845299720764,0,0
206.53368091583252,0,0
206.66601490974426,0,0
206.80022716522217,0,0
206.93315505981445,0,0
207.0668909549713,30,-70
207.19682502746582,30,-70
207.33604311943054,30,-70
207.4664421081543,30,-70
207.56514692306519,30,-70
207.7074911594391,0,0
207.83213114738464,0,0
207.96705198287964,0,0
208.09697198867798,0,0
208.19775319099426,0,0
208.2977831363678,-20,-20
208.4060399532318,-70,30
208.53535509109497,-70,30
208.6624791622162,-70,30
208.76274299621582,-70,30
208.86315202713013,-70,30
208.96605014801025,-70,30
209.06653690338135,-70,30
209.16712594032288,-70,30
209.26627206802368,-70,30
209.4050009250641,0,0
209.53532218933105,0,0
209.66478896141052,0,0
209.8038489818573,0,0
209.9337499141693,0,0
210.06604385375977,0,0
210.20336413383484,0,0
210.3315451145172,0,0
210.43276119232178,0,0
210.56743597984314,0,0
210.6997389793396,0,0
210.8318419456482,0,0
210.97040009498596,0,0
211.10238003730774,0,0
211.23696303367615,0,0
211.36397218704224,-50,50
211.50341987609863,-50,50
211.6316201686859,-50,50
211.76922392845154,-50,50
211.90028500556946,-50,50
212.03705286979675,0,0
212.17021799087524,0,0
212.29719400405884,0,0
212.43221616744995,0,0
212.5676851272583,0,0
212.69583415985107,0,0
212.80226516723633,0,0
212.93529295921326,0,0
213.06427216529846,0,0
213.20156502723694,0,0
213.33342099189758,0,0
213.4660999774933,0,0
213.59919905662537,0,0
213.7312650680542,50,-50
213.86697816848755,50,-50
214.0023159980774,50,-50
214.1338701248169,50,-50
214.2746832370758,50,-50
214.39737915992737,50,-50
214.53612208366394,50,-50
214.66170382499695,50,-50
214.76424288749695,50,-50
214.90242409706116,0,0
215.0319049358368,0,0
215.16621208190918,-20,-20
215.30349206924438,-20,-20
215.4321768283844,-20,-20
215.56932187080383,30,-70
215.6964271068573,30,-70
215.83234190940857,30,-70
215.9649419784546,30,-70
216.0991108417511,30,-70
216.2361180782318,50,-50
216.36471390724182,50,-50
216.50059390068054,50,-50
216.63345789909363,0,0
216.76641416549683,0,0
216.90849995613098,0,0
217.03363513946533,0,0
217.16636490821838,20,20
217.3034369945526,20,20
217.43276000022888,20,20
217.56427907943726,20,20
217.70087099075317,0,0
217.8299219608307,0,0
217.966735124588,0,0
218.1027798652649,50,-50
218.23037004470825,50,-50
218.36630082130432,50,-50
218.4963309764862,50,-50
218.6279261112213,50,-50
218.76468086242676,50,-50
218.89760303497314,50,-50
219.03100895881653,50,-50
219.1662368774414,50,-50
219.30213403701782,50,-50
219.42825603485107,50,-50
219.5608389377594,50,-50
219.6950080394745,50,-50
219.83810782432556,50,-50
219.96198511123657,50,-50
220.09721302986145,50,-50
220.23303508758545,50,-50
220.36906814575195,0,0
220.49406790733337,0,0
220.62733697891235,0,0
220.72656106948853,0,0
220.8256561756134,-20,-20
220.93007493019104,-20,-20
221.0674650669098,-20,-20
221.19350719451904,-20,-20
221.3004448413849,-20,-20
221.42602610588074,0,0
221.56548810005188,0,0
221.69430708885193,0,0
221.82826018333435,0,0
221.96245193481445,0,0
222.10269689559937,50,-50
222.22725915908813,50,-50
222.3637490272522,50,-50
222.50234007835388,50,-50
222.62639212608337,50,-50
222.7661509513855,50,-50
222.89935207366943,50,-50
223.034334897995,50,-50
223.1611521244049,50,-50
223.3006191253662,50,-50
223.4328691959381,50,-50
223.58251810073853,50,-50
223.69730305671692,50,-50
223.8312110900879,50,-50
223.967218875885,50,-50
224.09266304969788,50,-50
224.23169994354248,50,-50
224.36665606498718,50,-50
224.49477982521057,50,-50
224.64102697372437,50,-50
224.76082706451416,0,0
224.8954770565033,0,0
225.02848196029663,0,0
225.15905690193176,0,0
225.29409408569336,0,0
225.42837595939636,0,0
225.56659293174744,0,0
225.69240403175354,0,0
225.82563710212708,0,0
225.9633719921112,0,0
226.0948770046234,0,0
226.23215889930725,0,0
226.36262702941895,0,0
226.50218605995178,0,0
226.6292290687561,0,0
226.76215815544128,0,0
226.89567589759827,0,0
227.02823615074158,0,0
227.1637840270996,0,0
227.29573702812195,0,0
227.42331385612488,0,0
227.55969214439392,50,-50
227.69306302070618,50,-50
227.83078503608704,50,-50
227.96379017829895,50,-50
228.09636616706848,50,-50
228.2245910167694,30,-70
228.36051297187805,30,-70
228.50585508346558,30,-70
228.6241810321808,0,0
228.73440098762512,0,0
228.86456203460693,0,0
228.9936408996582,0,0
229.12681078910828,0,0
229.26449298858643,50,-50
229.3982698917389,50,-50
229.53254199028015,50,-50
229.66168594360352,50,-50
229.7967290878296,50,-50
229.92931723594666,50,-50
230.06016993522644,50,-50
230.1925609111786,50,-50
230.33011603355408,50,-50
230.46161198616028,50,-50
230.59076189994812,50,-50
230.72655320167542,50,-50
230.86042404174805,50,-50
230.99929285049438,50,-50
231.13198900222778,50,-50
231.25998997688293,50,-50
231.39021015167236,50,-50
231.530375957489,50,-50
231.65790009498596,50,-50
231.7931351661682,50,-50
231.92595791816711,50,-50
232.0601658821106,50,-50
232.19681310653687,50,-50
232.33119106292725,50,-50
232.46304893493652,50,-50
232.58978009223938,0,0
232.68613195419312,0,0
232.79354000091553,0,0
232.92654418945312,0,0
233.05619883537292,0,0
233.19276309013367,0,0
233.32257509231567,0,0
233.4609570503235,20,20
233.59742212295532,20,20
233.72526597976685,20,20
233.860200881958,20,20
233.9903769493103,20,20
234.12647914886475,20,20
234.2578649520874,20,20
234.3892741203308,20,20
234.5384271144867,20,20
234.65471196174622,20,20
234.79816818237305,20,20
234.92180824279785,20,20
235.02607989311218,20,20
235.15951490402222,20,20
235.2881190776825,20,20
235.39498281478882,20,20
235.53414607048035,20,20
235.65389323234558,20,20
235.75779795646667,20,20
235.8955500125885,20,20
236.02253103256226,20,20
236.1614499092102,20,20
236.29790115356445,0,0
236.43365716934204,0,0
236.55774116516113,0,0
236.65791201591492,0,0
236.79491090774536,0,0
236.92569589614868,0,0
237.05761694908142,0,0
237.19048190116882,0,0
237.32762598991394,-50,50
237.45741200447083,-50,50
237.58982706069946,-50,50
237.7297658920288,-50,50
237.85620880126953,-50,50
237.98977398872375,-50,50
238.1281340122223,-50,50
238.25600790977478,-50,50
238.4011881351471,-50,50
238.52637481689453,-50,50
238.65502095222473,-50,50
238.79751706123352,0,0
238.9240140914917,0,0
239.05674815177917,0,0
239.19067811965942,0,0
239.32147312164307,0,0
239.45497012138367,0,0
239.59037899971008,0,0
239.72422099113464,0,0
