0.12610077857971191,0,record/0.png
0.22268962860107422,1,record/1.png
0.3254528045654297,2,record/2.png
0.42248034477233887,3,record/3.png
0.5232498645782471,4,record/4.png
0.6571328639984131,5,record/5.png
0.7580084800720215,6,record/6.png
0.8624210357666016,7,record/7.png
0.9556519985198975,8,record/8.png
1.0574054718017578,9,record/9.png
1.1573476791381836,10,record/10.png
3.223390579223633,11,record/11.png
3.3535940647125244,12,record/12.png
3.487771987915039,13,record/13.png
3.621589422225952,14,record/14.png
3.752718448638916,15,record/15.png
3.88710880279541,16,record/16.png
4.020501375198364,17,record/17.png
4.1540069580078125,18,record/18.png
4.286779403686523,19,record/19.png
4.423253059387207,20,record/20.png
4.553908109664917,21,record/21.png
4.688504219055176,22,record/22.png
4.820557594299316,23,record/23.png
4.95437479019165,24,record/24.png
5.087980270385742,25,record/25.png
5.222232103347778,26,record/26.png
5.354199409484863,27,record/27.png
5.486868619918823,28,record/28.png
5.620055675506592,29,record/29.png
5.754623889923096,30,record/30.png
5.886932611465454,31,record/31.png
6.020368337631226,32,record/32.png
6.152496814727783,33,record/33.png
6.286206960678101,34,record/34.png
6.421187877655029,35,record/35.png
6.553272724151611,36,record/36.png
6.688795804977417,37,record/37.png
6.820237636566162,38,record/38.png
6.95379376411438,39,record/39.png
7.087185382843018,40,record/40.png
7.220045804977417,41,record/41.png
7.353166580200195,42,record/42.png
7.488054275512695,43,record/43.png
7.619123697280884,44,record/44.png
7.7529261112213135,45,record/45.png
7.885403871536255,46,record/46.png
8.019827604293823,47,record/47.png
8.15103793144226,48,record/48.png
8.2876877784729,49,record/49.png
8.418259859085083,50,record/50.png
8.556681156158447,51,record/51.png
8.685447931289673,52,record/52.png
8.820165872573853,53,record/53.png
8.95243501663208,54,record/54.png
9.085878849029541,55,record/55.png
9.221641302108765,56,record/56.png
9.354006290435791,57,record/57.png
9.485747575759888,58,record/58.png
9.619265794754028,59,record/59.png
9.755316734313965,60,record/60.png
9.918539762496948,61,record/61.png
10.051316261291504,62,record/62.png
10.186801433563232,63,record/63.png
10.320667028427124,64,record/64.png
10.453473806381226,65,record/65.png
10.586642265319824,66,record/66.png
10.719170331954956,67,record/67.png
10.853241443634033,68,record/68.png
10.985224723815918,69,record/69.png
11.118800163269043,70,record/70.png
11.254218339920044,71,record/71.png
11.386178493499756,72,record/72.png
11.518360614776611,73,record/73.png
11.652077913284302,74,record/74.png
11.786896705627441,75,record/75.png
11.921114206314087,76,record/76.png
12.051493406295776,77,record/77.png
12.184691905975342,78,record/78.png
12.318674802780151,79,record/79.png
12.449935913085938,80,record/80.png
12.58327603340149,81,record/81.png
12.717967748641968,82,record/82.png
12.851409673690796,83,record/83.png
12.986905336380005,84,record/84.png
13.120463371276855,85,record/85.png
13.251341581344604,86,record/86.png
13.38538384437561,87,record/87.png
13.519824028015137,88,record/88.png
13.65225601196289,89,record/89.png
13.786214590072632,90,record/90.png
13.918851613998413,91,record/91.png
14.053720235824585,92,record/92.png
14.18500304222107,93,record/93.png
14.32030439376831,94,record/94.png
14.453111171722412,95,record/95.png
14.584604740142822,96,record/96.png
14.717672109603882,97,record/97.png
14.850624799728394,98,record/98.png
14.984577417373657,99,record/99.png
15.117897510528564,100,record/100.png
15.254089593887329,101,record/101.png
15.384072542190552,102,record/102.png
15.517596244812012,103,record/103.png
15.651139497756958,104,record/104.png
15.783878326416016,105,record/105.png
15.919764995574951,106,record/106.png
16.04979705810547,107,record/107.png
16.1841402053833,108,record/108.png
16.317020893096924,109,record/109.png
16.44953179359436,110,record/110.png
16.58272099494934,111,record/111.png
16.720110654830933,112,record/112.png
16.85030698776245,113,record/113.png
16.982881784439087,114,record/114.png
17.1178982257843,115,record/115.png
17.253068685531616,116,record/116.png
17.384101152420044,117,record/117.png
17.51761555671692,118,record/118.png
17.649672985076904,119,record/119.png
17.782917261123657,120,record/120.png
17.91670560836792,121,record/121.png
18.082050323486328,122,record/122.png
18.214950799942017,123,record/123.png
18.34966802597046,124,record/124.png
18.48270297050476,125,record/125.png
18.617950201034546,126,record/126.png
18.750187635421753,127,record/127.png
18.88278579711914,128,record/128.png
19.020423889160156,129,record/129.png
19.14856791496277,130,record/130.png
19.282875776290894,131,record/131.png
19.416810512542725,132,record/132.png
19.54948902130127,133,record/133.png
19.682045221328735,134,record/134.png
19.815601587295532,135,record/135.png
19.94908571243286,136,record/136.png
20.08196520805359,137,record/137.png
20.215803146362305,138,record/138.png
20.34865927696228,139,record/139.png
20.482417821884155,140,record/140.png
20.615323066711426,141,record/141.png
20.74853754043579,142,record/142.png
20.880802154541016,143,record/143.png
21.015456676483154,144,record/144.png
21.14849352836609,145,record/145.png
21.28000521659851,146,record/146.png
21.415283918380737,147,record/147.png
21.547874689102173,148,record/148.png
21.68205761909485,149,record/149.png
21.814257383346558,150,record/150.png
21.947081565856934,151,record/151.png
22.08423948287964,152,record/152.png
22.215348482131958,153,record/153.png
22.34687328338623,154,record/154.png
22.481483936309814,155,record/155.png
22.613850593566895,156,record/156.png
22.754443883895874,157,record/157.png
22.88191533088684,158,record/158.png
23.015396118164062,159,record/159.png
23.154289960861206,160,record/160.png
23.282907247543335,161,record/161.png
23.41509985923767,162,record/162.png
23.548528909683228,163,record/163.png
23.681183099746704,164,record/164.png
23.818158864974976,165,record/165.png
23.94773578643799,166,record/166.png
24.081502437591553,167,record/167.png
24.214233875274658,168,record/168.png
24.347943782806396,169,record/169.png
24.480487823486328,170,record/170.png
24.61353635787964,171,record/171.png
24.746336460113525,172,record/172.png
24.88042378425598,173,record/173.png
25.014671087265015,174,record/174.png
25.148826360702515,175,record/175.png
25.279472827911377,176,record/176.png
25.413931369781494,177,record/177.png
25.554099082946777,178,record/178.png
25.6935396194458,179,record/179.png
25.81577229499817,180,record/180.png
25.94876766204834,181,record/181.png
26.079671621322632,182,record/182.png
26.217018604278564,183,record/183.png
26.346813201904297,184,record/184.png
26.516585111618042,185,record/185.png
26.644259929656982,186,record/186.png
26.743955850601196,187,record/187.png
26.875774145126343,188,record/188.png
27.00894045829773,189,record/189.png
27.14169192314148,190,record/190.png
27.275463819503784,191,record/191.png
27.40826725959778,192,record/192.png
27.531604051589966,193,record/193.png
27.6423556804657,194,record/194.png
27.776838779449463,195,record/195.png
27.909843683242798,196,record/196.png
28.04181218147278,197,record/197.png
28.17493510246277,198,record/198.png
28.308829069137573,199,record/199.png
28.4416720867157,200,record/200.png
28.574871063232422,201,record/201.png
28.707961320877075,202,record/202.png
28.840726137161255,203,record/203.png
28.976669788360596,204,record/204.png
29.1080162525177,205,record/205.png
29.24255919456482,206,record/206.png
29.37591791152954,207,record/207.png
29.474188566207886,208,record/208.png
29.609961986541748,209,record/209.png
29.740909814834595,210,record/210.png
29.874308586120605,211,record/211.png
30.00758194923401,212,record/212.png
30.141939640045166,213,record/213.png
30.275458335876465,214,record/214.png
30.409550666809082,215,record/215.png
30.540629863739014,216,record/216.png
30.673038244247437,217,record/217.png
30.80844235420227,218,record/218.png
30.9412899017334,219,record/219.png
31.074405908584595,220,record/220.png
31.20873236656189,221,record/221.png
31.341228485107422,222,record/222.png
31.47429871559143,223,record/223.png
31.581928730010986,224,record/224.png
31.71014976501465,225,record/225.png
31.84408211708069,226,record/226.png
31.980397939682007,227,record/227.png
32.11032319068909,228,record/228.png
32.24678301811218,229,record/229.png
32.378840923309326,230,record/230.png
32.514249324798584,231,record/231.png
32.64502930641174,232,record/232.png
32.77768588066101,233,record/233.png
32.91146183013916,234,record/234.png
33.04797005653381,235,record/235.png
33.1780321598053,236,record/236.png
33.31021165847778,237,record/237.png
33.44581198692322,238,record/238.png
33.578044414520264,239,record/239.png
33.70913910865784,240,record/240.png
33.84284257888794,241,record/241.png
33.976255655288696,242,record/242.png
34.10956621170044,243,record/243.png
34.243595361709595,244,record/244.png
34.376431465148926,245,record/245.png
34.508941888809204,246,record/246.png
34.6428484916687,247,record/247.png
34.77771282196045,248,record/248.png
34.91135787963867,249,record/249.png
35.0421199798584,250,record/250.png
35.17760944366455,251,record/251.png
35.31119632720947,252,record/252.png
35.443145513534546,253,record/253.png
35.5768084526062,254,record/254.png
35.71012473106384,255,record/255.png
35.8433039188385,256,record/256.png
35.976226806640625,257,record/257.png
36.10972595214844,258,record/258.png
36.2410786151886,259,record/259.png
36.374205350875854,260,record/260.png
36.51036477088928,261,record/261.png
36.64234280586243,262,record/262.png
36.77582120895386,263,record/263.png
36.90910005569458,264,record/264.png
37.040940046310425,265,record/265.png
37.17723107337952,266,record/266.png
37.30870842933655,267,record/267.png
37.4464750289917,268,record/268.png
37.57715916633606,269,record/269.png
37.710487842559814,270,record/270.png
37.84225654602051,271,record/271.png
37.977192401885986,272,record/272.png
38.11063289642334,273,record/273.png
38.24297547340393,274,record/274.png
38.40923476219177,275,record/275.png
38.544853925704956,276,record/276.png
38.67850375175476,277,record/277.png
38.80709910392761,278,record/278.png
38.94196009635925,279,record/279.png
39.074668169021606,280,record/280.png
39.20910906791687,281,record/281.png
39.341625452041626,282,record/282.png
39.476136445999146,283,record/283.png
39.608684062957764,284,record/284.png
39.74222779273987,285,record/285.png
39.87482452392578,286,record/286.png
40.00900483131409,287,record/287.png
40.14445614814758,288,record/288.png
40.27405118942261,289,record/289.png
40.408599615097046,290,record/290.png
40.54139685630798,291,record/291.png
40.67666840553284,292,record/292.png
40.808759927749634,293,record/293.png
40.94298791885376,294,record/294.png
41.07485580444336,295,record/295.png
41.242424726486206,296,record/296.png
41.37452530860901,297,record/297.png
41.507895708084106,298,record/298.png
41.64147591590881,299,record/299.png
41.774593353271484,300,record/300.png
41.908714056015015,301,record/301.png
42.03952980041504,302,record/302.png
42.1742525100708,303,record/303.png
42.309913873672485,304,record/304.png
42.440919399261475,305,record/305.png
42.5746328830719,306,record/306.png
42.70781135559082,307,record/307.png
42.839028120040894,308,record/308.png
42.97581648826599,309,record/309.png
43.10788321495056,310,record/310.png
43.24922156333923,311,record/311.png
43.37376928329468,312,record/312.png
43.507909059524536,313,record/313.png
43.6455979347229,314,record/314.png
43.77526664733887,315,record/315.png
43.906327962875366,316,record/316.png
44.039222955703735,317,record/317.png
44.1735303401947,318,record/318.png
44.307599782943726,319,record/319.png
44.44011044502258,320,record/320.png
44.57312369346619,321,record/321.png
44.707693338394165,322,record/322.png
44.84126877784729,323,record/323.png
44.97329783439636,324,record/324.png
45.11897540092468,325,record/325.png
45.273677349090576,326,record/326.png
45.405285596847534,327,record/327.png
45.54016399383545,328,record/328.png
45.67507004737854,329,record/329.png
45.80519723892212,330,record/330.png
45.940587282180786,331,record/331.png
46.07313680648804,332,record/332.png
46.20613646507263,333,record/333.png
46.34205722808838,334,record/334.png
46.47593450546265,335,record/335.png
46.60590362548828,336,record/336.png
46.73964786529541,337,record/337.png
46.87292814254761,338,record/338.png
47.0067183971405,339,record/339.png
47.1386981010437,340,record/340.png
47.27210474014282,341,record/341.png
47.40553021430969,342,record/342.png
47.539480209350586,343,record/343.png
47.67124319076538,344,record/344.png
47.80449891090393,345,record/345.png
47.941283226013184,346,record/346.png
48.07225465774536,347,record/347.png
48.20689272880554,348,record/348.png
48.338947772979736,349,record/349.png
48.47265291213989,350,record/350.png
48.605098485946655,351,record/351.png
48.74034547805786,352,record/352.png
48.87506604194641,353,record/353.png
49.004257678985596,354,record/354.png
49.13935875892639,355,record/355.png
49.27299952507019,356,record/356.png
49.40575194358826,357,record/357.png
49.538378953933716,358,record/358.png
49.67092800140381,359,record/359.png
49.805195331573486,360,record/360.png
49.939196825027466,361,record/361.png
50.07117056846619,362,record/362.png
50.20635271072388,363,record/363.png
50.33802914619446,364,record/364.png
50.47316861152649,365,record/365.png
50.60790181159973,366,record/366.png
50.73394560813904,367,record/367.png
50.866589307785034,368,record/368.png
51.000529766082764,369,record/369.png
51.133408546447754,370,record/370.png
51.23346424102783,371,record/371.png
51.366345167160034,372,record/372.png
51.50049448013306,373,record/373.png
51.633780002593994,374,record/374.png
51.76699161529541,375,record/375.png
51.900970220565796,376,record/376.png
52.03280782699585,377,record/377.png
52.16644358634949,378,record/378.png
52.29972505569458,379,record/379.png
52.39969038963318,380,record/380.png
52.532747983932495,381,record/381.png
52.66627812385559,382,record/382.png
52.76709055900574,383,record/383.png
52.89956712722778,384,record/384.png
53.000338554382324,385,record/385.png
53.13309907913208,386,record/386.png
53.26720666885376,387,record/387.png
53.4003484249115,388,record/388.png
53.53175449371338,389,record/389.png
53.66577363014221,390,record/390.png
53.79874658584595,391,record/391.png
53.900362730026245,392,record/392.png
54.0318067073822,393,record/393.png
54.16600823402405,394,record/394.png
54.29873251914978,395,record/395.png
54.43225049972534,396,record/396.png
54.56506633758545,397,record/397.png
54.69876742362976,398,record/398.png
54.83414936065674,399,record/399.png
54.96586060523987,400,record/400.png
55.10022211074829,401,record/401.png
55.232492208480835,402,record/402.png
55.365824937820435,403,record/403.png
55.50013709068298,404,record/404.png
55.63960838317871,405,record/405.png
55.76811671257019,406,record/406.png
55.904521465301514,407,record/407.png
56.038692474365234,408,record/408.png
56.16856360435486,409,record/409.png
56.502681493759155,410,record/410.png
56.6477324962616,411,record/411.png
56.76594138145447,412,record/412.png
56.89802145957947,413,record/413.png
57.03064155578613,414,record/414.png
57.164156913757324,415,record/415.png
57.29890751838684,416,record/416.png
57.43110680580139,417,record/417.png
57.56434226036072,418,record/418.png
57.69735932350159,419,record/419.png
57.79690980911255,420,record/420.png
57.93389654159546,421,record/421.png
58.06457567214966,422,record/422.png
58.19780707359314,423,record/423.png
58.33125638961792,424,record/424.png
58.46387267112732,425,record/425.png
58.59779167175293,426,record/426.png
58.730833292007446,427,record/427.png
58.864405393600464,428,record/428.png
59.000219106674194,429,record/429.png
59.19936752319336,430,record/430.png
59.36387872695923,431,record/431.png
59.588104009628296,432,record/432.png
59.91020941734314,433,record/433.png
60.15612459182739,434,record/434.png
60.32996129989624,435,record/435.png
60.54436922073364,436,record/436.png
60.78821778297424,437,record/437.png
61.11506199836731,438,record/438.png
61.36215376853943,439,record/439.png
61.5304057598114,440,record/440.png
61.76772499084473,441,record/441.png
62.084789991378784,442,record/442.png
62.32344079017639,443,record/443.png
62.56271958351135,444,record/444.png
62.80112028121948,445,record/445.png
62.934762954711914,446,record/446.png
63.100589990615845,447,record/447.png
63.43515706062317,448,record/448.png
63.63393831253052,449,record/449.png
64.06595015525818,450,record/450.png
64.26809096336365,451,record/451.png
65.46587657928467,452,record/452.png
65.6345727443695,453,record/453.png
65.79974555969238,454,record/454.png
65.96852469444275,455,record/455.png
66.13262605667114,456,record/456.png
66.30441761016846,457,record/457.png
66.4654893875122,458,record/458.png
66.60005569458008,459,record/459.png
66.73190450668335,460,record/460.png
66.89972972869873,461,record/461.png
67.03332686424255,462,record/462.png
67.16612124443054,463,record/463.png
67.29909157752991,464,record/464.png
67.46563339233398,465,record/465.png
67.60115480422974,466,record/466.png
67.76614141464233,467,record/467.png
67.8980143070221,468,record/468.png
68.03079605102539,469,record/469.png
68.1642165184021,470,record/470.png
68.2971568107605,471,record/471.png
68.43097233772278,472,record/472.png
68.56465601921082,473,record/473.png
68.69868469238281,474,record/474.png
68.83233189582825,475,record/475.png
68.96625971794128,476,record/476.png
69.09912085533142,477,record/477.png
69.23213315010071,478,record/478.png
69.36410307884216,479,record/479.png
69.49846649169922,480,record/480.png
69.63083124160767,481,record/481.png
69.76484823226929,482,record/482.png
69.89819383621216,483,record/483.png
70.03305649757385,484,record/484.png
70.16447305679321,485,record/485.png
70.2961356639862,486,record/486.png
70.42960786819458,487,record/487.png
70.56430435180664,488,record/488.png
70.69707441329956,489,record/489.png
70.8318738937378,490,record/490.png
70.96155095100403,491,record/491.png
71.09917998313904,492,record/492.png
71.23062348365784,493,record/493.png
71.36431455612183,494,record/494.png
71.4986457824707,495,record/495.png
71.63101267814636,496,record/496.png
71.76306080818176,497,record/497.png
71.89868116378784,498,record/498.png
72.03010773658752,499,record/499.png
72.16306376457214,500,record/500.png
72.29784440994263,501,record/501.png
72.43318939208984,502,record/502.png
72.56662940979004,503,record/503.png
72.70281314849854,504,record/504.png
72.83266520500183,505,record/505.png
72.96398258209229,506,record/506.png
73.09707522392273,507,record/507.png
73.22975587844849,508,record/508.png
73.37012219429016,509,record/509.png
73.49580836296082,510,record/510.png
73.63220548629761,511,record/511.png
73.76829123497009,512,record/512.png
73.93018364906311,513,record/513.png
74.06509613990784,514,record/514.png
74.19661068916321,515,record/515.png
74.3293685913086,516,record/516.png
74.46302771568298,517,record/517.png
74.59488677978516,518,record/518.png
74.72943115234375,519,record/519.png
74.86019444465637,520,record/520.png
74.991140127182,521,record/521.png
75.12576675415039,522,record/522.png
75.262451171875,523,record/523.png
75.39125490188599,524,record/524.png
75.52445459365845,525,record/525.png
75.65802931785583,526,record/526.png
75.79240846633911,527,record/527.png
75.92434406280518,528,record/528.png
76.05901193618774,529,record/529.png
76.19165682792664,530,record/530.png
76.32395648956299,531,record/531.png
76.42388391494751,532,record/532.png
76.55847215652466,533,record/533.png
76.69059300422668,534,record/534.png
76.82379174232483,535,record/535.png
76.95700120925903,536,record/536.png
77.09159231185913,537,record/537.png
77.22620749473572,538,record/538.png
77.35855221748352,539,record/539.png
77.49047446250916,540,record/540.png
77.62454605102539,541,record/541.png
77.75787925720215,542,record/542.png
77.89138913154602,543,record/543.png
78.02403616905212,544,record/544.png
78.15759062767029,545,record/545.png
78.29173707962036,546,record/546.png
78.42531418800354,547,record/547.png
78.5571072101593,548,record/548.png
78.69014811515808,549,record/549.png
78.82297039031982,550,record/550.png
78.95671463012695,551,record/551.png
79.0902509689331,552,record/552.png
79.22302627563477,553,record/553.png
79.35621881484985,554,record/554.png
79.49040007591248,555,record/555.png
79.62389206886292,556,record/556.png
79.75982761383057,557,record/557.png
79.89653062820435,558,record/558.png
80.02615666389465,559,record/559.png
80.16196131706238,560,record/560.png
80.29672861099243,561,record/561.png
80.42769145965576,562,record/562.png
80.5615131855011,563,record/563.png
80.69246864318848,564,record/564.png
80.82895398139954,565,record/565.png
80.96043229103088,566,record/566.png
81.0964982509613,567,record/567.png
81.22758913040161,568,record/568.png
81.36196064949036,569,record/569.png
81.49225640296936,570,record/570.png
81.62545943260193,571,record/571.png
81.75973343849182,572,record/572.png
81.88962435722351,573,record/573.png
82.0228443145752,574,record/574.png
82.15523171424866,575,record/575.png
82.29258751869202,576,record/576.png
82.42173933982849,577,record/577.png
82.55678224563599,578,record/578.png
82.68883728981018,579,record/579.png
82.821537733078,580,record/580.png
82.95641732215881,581,record/581.png
83.08882927894592,582,record/582.png
83.22174572944641,583,record/583.png
83.35573506355286,584,record/584.png
83.48845434188843,585,record/585.png
83.62265372276306,586,record/586.png
83.75609087944031,587,record/587.png
83.88859033584595,588,record/588.png
84.02207112312317,589,record/589.png
84.15514540672302,590,record/590.png
84.28825974464417,591,record/591.png
84.42167067527771,592,record/592.png
84.55725526809692,593,record/593.png
84.68733882904053,594,record/594.png
84.82122540473938,595,record/595.png
84.95343208312988,596,record/596.png
85.05726766586304,597,record/597.png
85.19136166572571,598,record/598.png
85.28915357589722,599,record/599.png
85.42102146148682,600,record/600.png
85.55508232116699,601,record/601.png
85.68771195411682,602,record/602.png
85.8209536075592,603,record/603.png
85.95552897453308,604,record/604.png
86.08853530883789,605,record/605.png
86.22133016586304,606,record/606.png
86.35580921173096,607,record/607.png
86.48759436607361,608,record/608.png
86.62264680862427,609,record/609.png
86.75741672515869,610,record/610.png
86.89167666435242,611,record/611.png
87.02461075782776,612,record/612.png
87.15846014022827,613,record/613.png
87.29279708862305,614,record/614.png
87.42643117904663,615,record/615.png
87.55844163894653,616,record/616.png
87.69099879264832,617,record/617.png
87.82428789138794,618,record/618.png
87.95684385299683,619,record/619.png
88.09249973297119,620,record/620.png
88.2246298789978,621,record/621.png
88.35645890235901,622,record/622.png
88.4904625415802,623,record/623.png
88.62326502799988,624,record/624.png
88.75673604011536,625,record/625.png
88.89138793945312,626,record/626.png
89.02096819877625,627,record/627.png
89.15281343460083,628,record/628.png
89.29010081291199,629,record/629.png
89.42091393470764,630,record/630.png
89.55271983146667,631,record/631.png
89.68782186508179,632,record/632.png
89.81932067871094,633,record/633.png
89.95441269874573,634,record/634.png
90.09877228736877,635,record/635.png
90.22107696533203,636,record/636.png
90.35300302505493,637,record/637.png
90.45380115509033,638,record/638.png
90.5867486000061,639,record/639.png
90.71932911872864,640,record/640.png
90.85400080680847,641,record/641.png
90.9865038394928,642,record/642.png
91.11967325210571,643,record/643.png
91.25279092788696,644,record/644.png
91.38670992851257,645,record/645.png
91.5210771560669,646,record/646.png
91.62028980255127,647,record/647.png
91.75322318077087,648,record/648.png
91.88558197021484,649,record/649.png
92.01839804649353,650,record/650.png
92.15402340888977,651,record/651.png
92.2854323387146,652,record/652.png
92.41832733154297,653,record/653.png
92.55186176300049,654,record/654.png
92.6850221157074,655,record/655.png
92.81868171691895,656,record/656.png
92.95221400260925,657,record/657.png
93.0856122970581,658,record/658.png
93.21885180473328,659,record/659.png
93.35158038139343,660,record/660.png
93.48533344268799,661,record/661.png
93.61939287185669,662,record/662.png
93.75124502182007,663,record/663.png
93.88872408866882,664,record/664.png
94.02241158485413,665,record/665.png
94.15567636489868,666,record/666.png
94.28979587554932,667,record/667.png
94.42275357246399,668,record/668.png
94.55746960639954,669,record/669.png
94.6886076927185,670,record/670.png
94.81922149658203,671,record/671.png
94.95573854446411,672,record/672.png
95.0890326499939,673,record/673.png
95.22237801551819,674,record/674.png
95.35580897331238,675,record/675.png
95.48934388160706,676,record/676.png
95.62053036689758,677,record/677.png
95.75562167167664,678,record/678.png
95.88859033584595,679,record/679.png
96.02230334281921,680,record/680.png
96.15479493141174,681,record/681.png
96.29083609580994,682,record/682.png
96.42487120628357,683,record/683.png
96.55572271347046,684,record/684.png
96.6872878074646,685,record/685.png
96.82221937179565,686,record/686.png
96.95611691474915,687,record/687.png
97.08821654319763,688,record/688.png
97.22103643417358,689,record/689.png
97.35441637039185,690,record/690.png
97.48824071884155,691,record/691.png
97.62154984474182,692,record/692.png
97.75441932678223,693,record/693.png
97.88998317718506,694,record/694.png
98.02132892608643,695,record/695.png
98.1552255153656,696,record/696.png
98.28960156440735,697,record/697.png
98.4221842288971,698,record/698.png
98.56440258026123,699,record/699.png
98.68737936019897,700,record/700.png
98.824467420578,701,record/701.png
98.95380449295044,702,record/702.png
99.08695912361145,703,record/703.png
99.22252750396729,704,record/704.png
99.35529685020447,705,record/705.png
99.48756670951843,706,record/706.png
99.62008666992188,707,record/707.png
99.75568580627441,708,record/708.png
99.88717555999756,709,record/709.png
100.0197958946228,710,record/710.png
100.15270853042603,711,record/711.png
100.28721833229065,712,record/712.png
100.42033576965332,713,record/713.png
100.55557751655579,714,record/714.png
100.68619751930237,715,record/715.png
100.82114100456238,716,record/716.png
100.95520806312561,717,record/717.png
101.08544063568115,718,record/718.png
101.22048592567444,719,record/719.png
101.35277891159058,720,record/720.png
101.48612141609192,721,record/721.png
101.62089204788208,722,record/722.png
101.75296330451965,723,record/723.png
101.88397073745728,724,record/724.png
102.01943731307983,725,record/725.png
102.15239977836609,726,record/726.png
102.28724956512451,727,record/727.png
102.41886115074158,728,record/728.png
102.5545814037323,729,record/729.png
102.6889636516571,730,record/730.png
102.81829643249512,731,record/731.png
102.95392775535583,732,record/732.png
103.08455348014832,733,record/733.png
103.22082734107971,734,record/734.png
103.35275387763977,735,record/735.png
103.49062490463257,736,record/736.png
103.61532855033875,737,record/737.png
103.74860143661499,738,record/738.png
103.88084983825684,739,record/739.png
104.0145697593689,740,record/740.png
104.14932346343994,741,record/741.png
104.31576347351074,742,record/742.png
104.44813513755798,743,record/743.png
104.5820004940033,744,record/744.png
104.71562361717224,745,record/745.png
104.8481297492981,746,record/746.png
104.98255276679993,747,record/747.png
105.11639189720154,748,record/748.png
105.24839043617249,749,record/749.png
105.38226318359375,750,record/750.png
105.51406407356262,751,record/751.png
105.64799427986145,752,record/752.png
105.78041410446167,753,record/753.png
105.91387224197388,754,record/754.png
106.04769682884216,755,record/755.png
106.18067240715027,756,record/756.png
106.31475901603699,757,record/757.png
106.4479353427887,758,record/758.png
106.58073019981384,759,record/759.png
106.71458888053894,760,record/760.png
106.84886455535889,761,record/761.png
106.98041129112244,762,record/762.png
107.11332726478577,763,record/763.png
107.24688601493835,764,record/764.png
107.37972640991211,765,record/765.png
107.51423573493958,766,record/766.png
107.64731645584106,767,record/767.png
107.77997016906738,768,record/768.png
107.91358613967896,769,record/769.png
108.0465247631073,770,record/770.png
108.18010139465332,771,record/771.png
108.31460905075073,772,record/772.png
108.44610261917114,773,record/773.png
108.5872414112091,774,record/774.png
108.7198133468628,775,record/775.png
108.85178804397583,776,record/776.png
108.98390817642212,777,record/777.png
109.1165759563446,778,record/778.png
109.25029802322388,779,record/779.png
109.38400864601135,780,record/780.png
109.5166187286377,781,record/781.png
109.64959216117859,782,record/782.png
109.78697085380554,783,record/783.png
109.91703391075134,784,record/784.png
110.05000019073486,785,record/785.png
110.18618106842041,786,record/786.png
110.31545782089233,787,record/787.png
110.44904899597168,788,record/788.png
110.58601355552673,789,record/789.png
110.71567344665527,790,record/790.png
110.85518646240234,791,record/791.png
110.98344349861145,792,record/792.png
111.11598348617554,793,record/793.png
111.24960041046143,794,record/794.png
111.38248920440674,795,record/795.png
111.51619911193848,796,record/796.png
111.65033984184265,797,record/797.png
111.78496623039246,798,record/798.png
111.91521549224854,799,record/799.png
112.04856872558594,800,record/800.png
112.18240356445312,801,record/801.png
112.31573057174683,802,record/802.png
112.45179533958435,803,record/803.png
112.58294773101807,804,record/804.png
112.71642112731934,805,record/805.png
112.85358619689941,806,record/806.png
112.98226714134216,807,record/807.png
113.14906787872314,808,record/808.png
113.28151369094849,809,record/809.png
113.41655731201172,810,record/810.png
113.55135536193848,811,record/811.png
113.6830940246582,812,record/812.png
113.81650424003601,813,record/813.png
113.94949340820312,814,record/814.png
114.08634805679321,815,record/815.png
114.21421003341675,816,record/816.png
114.34898233413696,817,record/817.png
114.48256969451904,818,record/818.png
114.61279654502869,819,record/819.png
114.74870252609253,820,record/820.png
114.882169008255,821,record/821.png
115.01464128494263,822,record/822.png
115.14802622795105,823,record/823.png
115.280690908432,824,record/824.png
115.41475701332092,825,record/825.png
115.54964017868042,826,record/826.png
115.68073105812073,827,record/827.png
115.81637001037598,828,record/828.png
115.94520926475525,829,record/829.png
116.07632398605347,830,record/830.png
116.21121168136597,831,record/831.png
116.34518933296204,832,record/832.png
116.47748517990112,833,record/833.png
116.57705235481262,834,record/834.png
116.7096631526947,835,record/835.png
116.8479392528534,836,record/836.png
116.97683215141296,837,record/837.png
117.11075949668884,838,record/838.png
117.24421072006226,839,record/839.png
117.37644243240356,840,record/840.png
117.50994086265564,841,record/841.png
117.64266419410706,842,record/842.png
117.77812004089355,843,record/843.png
117.9096405506134,844,record/844.png
118.04314804077148,845,record/845.png
118.1436607837677,846,record/846.png
118.27573752403259,847,record/847.png
118.40871119499207,848,record/848.png
118.54370784759521,849,record/849.png
118.67668652534485,850,record/850.png
118.80899810791016,851,record/851.png
118.94191527366638,852,record/852.png
119.07537269592285,853,record/853.png
119.20987677574158,854,record/854.png
119.34179353713989,855,record/855.png
119.47579836845398,856,record/856.png
119.61015629768372,857,record/857.png
119.74153518676758,858,record/858.png
119.87789249420166,859,record/859.png
120.0092043876648,860,record/860.png
120.14294910430908,861,record/861.png
120.2765257358551,862,record/862.png
120.42146706581116,863,record/863.png
120.54336214065552,864,record/864.png
120.6755723953247,865,record/865.png
120.80846214294434,866,record/866.png
120.94770431518555,867,record/867.png
121.07992386817932,868,record/868.png
121.21401596069336,869,record/869.png
121.34387469291687,870,record/870.png
121.47956895828247,871,record/871.png
121.61132526397705,872,record/872.png
121.74477219581604,873,record/873.png
121.88572978973389,874,record/874.png
122.01222443580627,875,record/875.png
122.14629769325256,876,record/876.png
122.27982091903687,877,record/877.png
122.41187953948975,878,record/878.png
122.54720902442932,879,record/879.png
122.68328666687012,880,record/880.png
122.81224298477173,881,record/881.png
122.94717001914978,882,record/882.png
123.07919931411743,883,record/883.png
123.21345281600952,884,record/884.png
123.34715008735657,885,record/885.png
123.47975778579712,886,record/886.png
123.61078548431396,887,record/887.png
123.7451663017273,888,record/888.png
123.87722277641296,889,record/889.png
124.01114177703857,890,record/890.png
124.14431858062744,891,record/891.png
124.27902793884277,892,record/892.png
124.41086387634277,893,record/893.png
124.5465178489685,894,record/894.png
124.68043804168701,895,record/895.png
124.81040549278259,896,record/896.png
124.94482636451721,897,record/897.png
125.08787536621094,898,record/898.png
125.21031928062439,899,record/899.png
125.34640836715698,900,record/900.png
125.47818422317505,901,record/901.png
125.61053991317749,902,record/902.png
125.74629545211792,903,record/903.png
125.87804746627808,904,record/904.png
126.01244854927063,905,record/905.png
126.14706182479858,906,record/906.png
126.27762651443481,907,record/907.png
126.412193775177,908,record/908.png
126.54518985748291,909,record/909.png
126.67857670783997,910,record/910.png
126.81032061576843,911,record/911.png
126.94431138038635,912,record/912.png
127.07731580734253,913,record/913.png
127.21076583862305,914,record/914.png
127.34338998794556,915,record/915.png
127.47750639915466,916,record/916.png
127.61028337478638,917,record/917.png
127.74188828468323,918,record/918.png
127.87796401977539,919,record/919.png
128.00989866256714,920,record/920.png
128.14368176460266,921,record/921.png
128.27635860443115,922,record/922.png
128.4082691669464,923,record/923.png
128.54341650009155,924,record/924.png
128.67652702331543,925,record/925.png
128.8090467453003,926,record/926.png
128.94355392456055,927,record/927.png
129.07699990272522,928,record/928.png
129.2098000049591,929,record/929.png
129.34121942520142,930,record/930.png
129.47603726387024,931,record/931.png
129.60947346687317,932,record/932.png
129.74302005767822,933,record/933.png
129.87889552116394,934,record/934.png
130.01030039787292,935,record/935.png
130.1441593170166,936,record/936.png
130.27716445922852,937,record/937.png
130.40942454338074,938,record/938.png
130.54412627220154,939,record/939.png
130.67620968818665,940,record/940.png
130.8086061477661,941,record/941.png
130.9421844482422,942,record/942.png
131.07529950141907,943,record/943.png
131.2080819606781,944,record/944.png
131.3419804573059,945,record/945.png
131.4760820865631,946,record/946.png
131.60868787765503,947,record/947.png
131.74278831481934,948,record/948.png
131.87536549568176,949,record/949.png
132.00850534439087,950,record/950.png
132.14087176322937,951,record/951.png
132.27453017234802,952,record/952.png
132.40840125083923,953,record/953.png
132.53994011878967,954,record/954.png
132.6746063232422,955,record/955.png
132.80897188186646,956,record/956.png
132.94154334068298,957,record/957.png
133.0758924484253,958,record/958.png
133.2091965675354,959,record/959.png
133.3407588005066,960,record/960.png
133.47496128082275,961,record/961.png
133.60824346542358,962,record/962.png
133.74097108840942,963,record/963.png
133.87471461296082,964,record/964.png
134.00817227363586,965,record/965.png
134.14333724975586,966,record/966.png
134.27348113059998,967,record/967.png
134.40917444229126,968,record/968.png
134.54001784324646,969,record/969.png
134.67478680610657,970,record/970.png
134.81859183311462,971,record/971.png
134.97137141227722,972,record/972.png
135.10401892662048,973,record/973.png
135.23761010169983,974,record/974.png
135.37000012397766,975,record/975.png
135.50429821014404,976,record/976.png
135.6367564201355,977,record/977.png
135.77010655403137,978,record/978.png
135.9031913280487,979,record/979.png
136.03731966018677,980,record/980.png
136.16988158226013,981,record/981.png
136.30373287200928,982,record/982.png
136.43705821037292,983,record/983.png
136.5696108341217,984,record/984.png
136.70654487609863,985,record/985.png
136.83705163002014,986,record/986.png
136.97022771835327,987,record/987.png
137.1037883758545,988,record/988.png
137.2356779575348,989,record/989.png
137.37126183509827,990,record/990.png
137.50394439697266,991,record/991.png
137.63549900054932,992,record/992.png
137.76927852630615,993,record/993.png
137.90185689926147,994,record/994.png
138.03610229492188,995,record/995.png
138.16883325576782,996,record/996.png
138.3039996623993,997,record/997.png
138.43535232543945,998,record/998.png
138.56830477714539,999,record/999.png
138.70471835136414,1000,record/1000.png
138.83617854118347,1001,record/1001.png
138.96857857704163,1002,record/1002.png
139.10265922546387,1003,record/1003.png
139.23514223098755,1004,record/1004.png
139.3687572479248,1005,record/1005.png
139.50295877456665,1006,record/1006.png
139.63552975654602,1007,record/1007.png
139.76839661598206,1008,record/1008.png
139.9075586795807,1009,record/1009.png
140.03858304023743,1010,record/1010.png
140.1717870235443,1011,record/1011.png
140.3077907562256,1012,record/1012.png
140.43999576568604,1013,record/1013.png
140.57447171211243,1014,record/1014.png
140.70630311965942,1015,record/1015.png
140.8400444984436,1016,record/1016.png
140.97179317474365,1017,record/1017.png
141.10555863380432,1018,record/1018.png
141.24087023735046,1019,record/1019.png
141.37187147140503,1020,record/1020.png
141.50577783584595,1021,record/1021.png
141.63839673995972,1022,record/1022.png
141.77294278144836,1023,record/1023.png
141.90609502792358,1024,record/1024.png
142.03801107406616,1025,record/1025.png
142.17224144935608,1026,record/1026.png
142.3048369884491,1027,record/1027.png
142.4383237361908,1028,record/1028.png
142.57344698905945,1029,record/1029.png
142.70414423942566,1030,record/1030.png
142.83830332756042,1031,record/1031.png
142.970641374588,1032,record/1032.png
143.10054206848145,1033,record/1033.png
143.23386979103088,1034,record/1034.png
143.36683130264282,1035,record/1035.png
143.46677088737488,1036,record/1036.png
143.60037565231323,1037,record/1037.png
143.734703540802,1038,record/1038.png
143.86915373802185,1039,record/1039.png
144.00057458877563,1040,record/1040.png
144.1346709728241,1041,record/1041.png
144.26694655418396,1042,record/1042.png
144.39971280097961,1043,record/1043.png
144.53440117835999,1044,record/1044.png
144.66783499717712,1045,record/1045.png
144.80015802383423,1046,record/1046.png
144.93309116363525,1047,record/1047.png
145.06663584709167,1048,record/1048.png
145.19954824447632,1049,record/1049.png
145.33315110206604,1050,record/1050.png
145.46677947044373,1051,record/1051.png
145.59959840774536,1052,record/1052.png
145.73316431045532,1053,record/1053.png
145.86759328842163,1054,record/1054.png
146.0028326511383,1055,record/1055.png
146.13276195526123,1056,record/1056.png
146.2670624256134,1057,record/1057.png
146.39897346496582,1058,record/1058.png
146.53203582763672,1059,record/1059.png
146.66589450836182,1060,record/1060.png
146.80351996421814,1061,record/1061.png
146.94036746025085,1062,record/1062.png
147.0673792362213,1063,record/1063.png
147.2003891468048,1064,record/1064.png
147.33272552490234,1065,record/1065.png
147.46618127822876,1066,record/1066.png
147.59978103637695,1067,record/1067.png
147.73239421844482,1068,record/1068.png
147.87243843078613,1069,record/1069.png
148.00336074829102,1070,record/1070.png
148.16897296905518,1071,record/1071.png
148.3028609752655,1072,record/1072.png
148.43551588058472,1073,record/1073.png
148.57161664962769,1074,record/1074.png
148.70633673667908,1075,record/1075.png
148.83680176734924,1076,record/1076.png
148.97128462791443,1077,record/1077.png
149.10410952568054,1078,record/1078.png
149.2352855205536,1079,record/1079.png
149.37240552902222,1080,record/1080.png
149.50274085998535,1081,record/1081.png
149.6373541355133,1082,record/1082.png
149.76953411102295,1083,record/1083.png
149.90204310417175,1084,record/1084.png
150.03874111175537,1085,record/1085.png
150.17093658447266,1086,record/1086.png
150.30201053619385,1087,record/1087.png
150.43489789962769,1088,record/1088.png
150.56814169883728,1089,record/1089.png
150.7031216621399,1090,record/1090.png
150.83368468284607,1091,record/1091.png
150.96872925758362,1092,record/1092.png
151.10150146484375,1093,record/1093.png
151.23721981048584,1094,record/1094.png
151.36849665641785,1095,record/1095.png
151.5014636516571,1096,record/1096.png
151.6348488330841,1097,record/1097.png
151.7704255580902,1098,record/1098.png
151.90039682388306,1099,record/1099.png
152.00104236602783,1100,record/1100.png
152.134295463562,1101,record/1101.png
152.270037651062,1102,record/1102.png
152.40860605239868,1103,record/1103.png
152.53974962234497,1104,record/1104.png
152.6694827079773,1105,record/1105.png
152.80057048797607,1106,record/1106.png
152.93446707725525,1107,record/1107.png
153.06823587417603,1108,record/1108.png
153.20244765281677,1109,record/1109.png
153.33592987060547,1110,record/1110.png
153.46725726127625,1111,record/1111.png
153.60276985168457,1112,record/1112.png
153.73381447792053,1113,record/1113.png
153.86640334129333,1114,record/1114.png
154.00227880477905,1115,record/1115.png
154.1337354183197,1116,record/1116.png
154.26883387565613,1117,record/1117.png
154.40125608444214,1118,record/1118.png
154.5350160598755,1119,record/1119.png
154.66771411895752,1120,record/1120.png
154.79952025413513,1121,record/1121.png
154.93352460861206,1122,record/1122.png
155.0671248435974,1123,record/1123.png
155.20190715789795,1124,record/1124.png
155.33594393730164,1125,record/1125.png
155.467871427536,1126,record/1126.png
155.59934210777283,1127,record/1127.png
155.7318787574768,1128,record/1128.png
155.86781477928162,1129,record/1129.png
156.00077199935913,1130,record/1130.png
156.13618302345276,1131,record/1131.png
156.2653157711029,1132,record/1132.png
156.40104126930237,1133,record/1133.png
156.536363363266,1134,record/1134.png
156.66674304008484,1135,record/1135.png
156.79980611801147,1136,record/1136.png
156.93325328826904,1137,record/1137.png
157.06701016426086,1138,record/1138.png
157.2007339000702,1139,record/1139.png
157.33182621002197,1140,record/1140.png
157.4658694267273,1141,record/1141.png
157.60027384757996,1142,record/1142.png
157.7326009273529,1143,record/1143.png
157.86635041236877,1144,record/1144.png
157.99933576583862,1145,record/1145.png
158.13371872901917,1146,record/1146.png
158.26480412483215,1147,record/1147.png
158.39857292175293,1148,record/1148.png
158.53217959403992,1149,record/1149.png
158.66764402389526,1150,record/1150.png
158.80429339408875,1151,record/1151.png
158.92789220809937,1152,record/1152.png
159.0628960132599,1153,record/1153.png
159.19617557525635,1154,record/1154.png
159.32775402069092,1155,record/1155.png
159.4614861011505,1156,record/1156.png
159.59418869018555,1157,record/1157.png
159.72859644889832,1158,record/1158.png
159.86200165748596,1159,record/1159.png
159.99484610557556,1160,record/1160.png
160.12754678726196,1161,record/1161.png
160.26124906539917,1162,record/1162.png
160.39508295059204,1163,record/1163.png
160.52735686302185,1164,record/1164.png
160.6629559993744,1165,record/1165.png
160.79399609565735,1166,record/1166.png
160.9283103942871,1167,record/1167.png
161.0625283718109,1168,record/1168.png
161.19532322883606,1169,record/1169.png
161.32715582847595,1170,record/1170.png
161.46045875549316,1171,record/1171.png
161.59414887428284,1172,record/1172.png
161.7282269001007,1173,record/1173.png
161.8271484375,1174,record/1174.png
161.96035528182983,1175,record/1175.png
162.0939588546753,1176,record/1176.png
162.2270324230194,1177,record/1177.png
162.36114835739136,1178,record/1178.png
162.4952552318573,1179,record/1179.png
162.62693619728088,1180,record/1180.png
162.72649598121643,1181,record/1181.png
162.86154866218567,1182,record/1182.png
162.99327397346497,1183,record/1183.png
163.12698459625244,1184,record/1184.png
163.2598021030426,1185,record/1185.png
163.3609390258789,1186,record/1186.png
163.49428606033325,1187,record/1187.png
163.6272337436676,1188,record/1188.png
163.76261353492737,1189,record/1189.png
163.90463137626648,1190,record/1190.png
164.0366723537445,1191,record/1191.png
164.16221356391907,1192,record/1192.png
164.29698657989502,1193,record/1193.png
164.43012142181396,1194,record/1194.png
164.56409645080566,1195,record/1195.png
164.6967294216156,1196,record/1196.png
164.82988786697388,1197,record/1197.png
164.96211504936218,1198,record/1198.png
165.09509754180908,1199,record/1199.png
165.23019075393677,1200,record/1200.png
165.3636553287506,1201,record/1201.png
165.4980194568634,1202,record/1202.png
165.63066864013672,1203,record/1203.png
165.7636091709137,1204,record/1204.png
165.8985950946808,1205,record/1205.png
166.03032875061035,1206,record/1206.png
166.1645531654358,1207,record/1207.png
166.2964494228363,1208,record/1208.png
166.43193984031677,1209,record/1209.png
166.56519508361816,1210,record/1210.png
166.69592952728271,1211,record/1211.png
166.82857418060303,1212,record/1212.png
166.9609694480896,1213,record/1213.png
167.0952286720276,1214,record/1214.png
167.22819900512695,1215,record/1215.png
167.36260294914246,1216,record/1216.png
167.50374031066895,1217,record/1217.png
167.62976837158203,1218,record/1218.png
167.7619707584381,1219,record/1219.png
167.89681553840637,1220,record/1220.png
168.03046464920044,1221,record/1221.png
168.16355991363525,1222,record/1222.png
168.29407382011414,1223,record/1223.png
168.43001079559326,1224,record/1224.png
168.56234884262085,1225,record/1225.png
168.69901299476624,1226,record/1226.png
168.82795429229736,1227,record/1227.png
168.96347784996033,1228,record/1228.png
169.09589052200317,1229,record/1229.png
169.22868156433105,1230,record/1230.png
169.3619499206543,1231,record/1231.png
169.4954333305359,1232,record/1232.png
169.62784051895142,1233,record/1233.png
169.762268781662,1234,record/1234.png
169.92942023277283,1235,record/1235.png
170.061607837677,1236,record/1236.png
170.19630479812622,1237,record/1237.png
170.32870864868164,1238,record/1238.png
170.46296405792236,1239,record/1239.png
170.59435725212097,1240,record/1240.png
170.72866535186768,1241,record/1241.png
170.8598141670227,1242,record/1242.png
170.99549007415771,1243,record/1243.png
171.12788224220276,1244,record/1244.png
171.26216435432434,1245,record/1245.png
171.39389085769653,1246,record/1246.png
171.5295603275299,1247,record/1247.png
171.66097736358643,1248,record/1248.png
171.79462695121765,1249,record/1249.png
171.92753791809082,1250,record/1250.png
172.05973625183105,1251,record/1251.png
172.19469952583313,1252,record/1252.png
172.3277463912964,1253,record/1253.png
172.4593346118927,1254,record/1254.png
172.59272956848145,1255,record/1255.png
172.72728419303894,1256,record/1256.png
172.8609824180603,1257,record/1257.png
172.99482679367065,1258,record/1258.png
173.12610864639282,1259,record/1259.png
173.26018166542053,1260,record/1260.png
173.3940291404724,1261,record/1261.png
173.5258285999298,1262,record/1262.png
173.66092157363892,1263,record/1263.png
173.79190731048584,1264,record/1264.png
173.92750883102417,1265,record/1265.png
174.06176829338074,1266,record/1266.png
174.19591307640076,1267,record/1267.png
174.32688736915588,1268,record/1268.png
174.46114015579224,1269,record/1269.png
174.59379172325134,1270,record/1270.png
174.72696328163147,1271,record/1271.png
174.85955572128296,1272,record/1272.png
174.99379539489746,1273,record/1273.png
175.12599158287048,1274,record/1274.png
175.25941061973572,1275,record/1275.png
175.39793729782104,1276,record/1276.png
175.52630305290222,1277,record/1277.png
175.65946793556213,1278,record/1278.png
175.7996473312378,1279,record/1279.png
175.92230868339539,1280,record/1280.png
176.08966636657715,1281,record/1281.png
176.2221541404724,1282,record/1282.png
176.35493659973145,1283,record/1283.png
176.48989915847778,1284,record/1284.png
176.62199878692627,1285,record/1285.png
176.72190690040588,1286,record/1286.png
176.85465049743652,1287,record/1287.png
176.9883406162262,1288,record/1288.png
177.1220724582672,1289,record/1289.png
177.25560545921326,1290,record/1290.png
177.38803911209106,1291,record/1291.png
177.52168107032776,1292,record/1292.png
177.65431785583496,1293,record/1293.png
177.78834748268127,1294,record/1294.png
177.9238302707672,1295,record/1295.png
178.05560326576233,1296,record/1296.png
178.1895477771759,1297,record/1297.png
178.3205599784851,1298,record/1298.png
178.45421695709229,1299,record/1299.png
178.58705282211304,1300,record/1300.png
178.72121858596802,1301,record/1301.png
178.8208999633789,1302,record/1302.png
178.95554065704346,1303,record/1303.png
179.08722805976868,1304,record/1304.png
179.22022318840027,1305,record/1305.png
179.3716197013855,1306,record/1306.png
179.48827838897705,1307,record/1307.png
179.6230001449585,1308,record/1308.png
179.7546031475067,1309,record/1309.png
179.89187788963318,1310,record/1310.png
180.0218722820282,1311,record/1311.png
180.1550555229187,1312,record/1312.png
180.2873866558075,1313,record/1313.png
180.42180967330933,1314,record/1314.png
180.55407571792603,1315,record/1315.png
180.68753838539124,1316,record/1316.png
180.8203182220459,1317,record/1317.png
180.95773720741272,1318,record/1318.png
181.09138298034668,1319,record/1319.png
181.22527408599854,1320,record/1320.png
181.35920524597168,1321,record/1321.png
181.4912736415863,1322,record/1322.png
181.62556076049805,1323,record/1323.png
181.75725841522217,1324,record/1324.png
181.8905029296875,1325,record/1325.png
182.0242416858673,1326,record/1326.png
182.15765047073364,1327,record/1327.png
182.28964161872864,1328,record/1328.png
182.4228117465973,1329,record/1329.png
182.55954837799072,1330,record/1330.png
182.69072151184082,1331,record/1331.png
182.8321352005005,1332,record/1332.png
182.95547032356262,1333,record/1333.png
183.0864963531494,1334,record/1334.png
183.219566822052,1335,record/1335.png
183.35312271118164,1336,record/1336.png
183.4871542453766,1337,record/1337.png
183.6201798915863,1338,record/1338.png
183.75300455093384,1339,record/1339.png
183.88599848747253,1340,record/1340.png
184.019629240036,1341,record/1341.png
184.15280151367188,1342,record/1342.png
184.28658723831177,1343,record/1343.png
184.41875886917114,1344,record/1344.png
184.55341911315918,1345,record/1345.png
184.68598437309265,1346,record/1346.png
184.82002544403076,1347,record/1347.png
184.9522738456726,1348,record/1348.png
185.08535933494568,1349,record/1349.png
185.2187900543213,1350,record/1350.png
185.3515911102295,1351,record/1351.png
185.48747062683105,1352,record/1352.png
185.61872172355652,1353,record/1353.png
185.7531111240387,1354,record/1354.png
185.8862726688385,1355,record/1355.png
186.0193691253662,1356,record/1356.png
186.15167140960693,1357,record/1357.png
186.28737044334412,1358,record/1358.png
186.41792559623718,1359,record/1359.png
186.55357456207275,1360,record/1360.png
186.68826866149902,1361,record/1361.png
186.81841015815735,1362,record/1362.png
186.95251417160034,1363,record/1363.png
187.0851230621338,1364,record/1364.png
187.21812462806702,1365,record/1365.png
187.35146975517273,1366,record/1366.png
187.48552536964417,1367,record/1367.png
187.6187400817871,1368,record/1368.png
187.7522599697113,1369,record/1369.png
187.89243459701538,1370,record/1370.png
188.02232956886292,1371,record/1371.png
188.155992269516,1372,record/1372.png
188.29183912277222,1373,record/1373.png
188.42318105697632,1374,record/1374.png
188.55689406394958,1375,record/1375.png
188.69136357307434,1376,record/1376.png
188.82347512245178,1377,record/1377.png
188.95543336868286,1378,record/1378.png
189.0910952091217,1379,record/1379.png
189.22228002548218,1380,record/1380.png
189.35661482810974,1381,record/1381.png
189.4918212890625,1382,record/1382.png
189.62239789962769,1383,record/1383.png
189.75702953338623,1384,record/1384.png
189.88862133026123,1385,record/1385.png
190.02264070510864,1386,record/1386.png
190.15519309043884,1387,record/1387.png
190.28897953033447,1388,record/1388.png
190.4217164516449,1389,record/1389.png
190.55597949028015,1390,record/1390.png
190.6887230873108,1391,record/1391.png
190.82216668128967,1392,record/1392.png
190.95593857765198,1393,record/1393.png
191.0871798992157,1394,record/1394.png
191.22286009788513,1395,record/1395.png
191.35225319862366,1396,record/1396.png
191.48912143707275,1397,record/1397.png
191.62226009368896,1398,record/1398.png
191.7553904056549,1399,record/1399.png
191.88607668876648,1400,record/1400.png
192.01842164993286,1401,record/1401.png
192.15131855010986,1402,record/1402.png
192.2833068370819,1403,record/1403.png
192.41692328453064,1404,record/1404.png
192.55166220664978,1405,record/1405.png
192.68346166610718,1406,record/1406.png
192.81617188453674,1407,record/1407.png
192.9507691860199,1408,record/1408.png
193.08664417266846,1409,record/1409.png
193.21695184707642,1410,record/1410.png
193.35490894317627,1411,record/1411.png
193.48349380493164,1412,record/1412.png
193.61638927459717,1413,record/1413.png
193.74951720237732,1414,record/1414.png
193.84987235069275,1415,record/1415.png
193.98278784751892,1416,record/1416.png
194.1158149242401,1417,record/1417.png
194.21580696105957,1418,record/1418.png
194.3485095500946,1419,record/1419.png
194.48311400413513,1420,record/1420.png
194.61556363105774,1421,record/1421.png
194.74848651885986,1422,record/1422.png
194.85183477401733,1423,record/1423.png
194.98285388946533,1424,record/1424.png
195.1153528690338,1425,record/1425.png
195.24801802635193,1426,record/1426.png
195.38193607330322,1427,record/1427.png
195.51625967025757,1428,record/1428.png
195.6479389667511,1429,record/1429.png
195.78580856323242,1430,record/1430.png
195.915518283844,1431,record/1431.png
196.047954082489,1432,record/1432.png
196.18420505523682,1433,record/1433.png
196.31474947929382,1434,record/1434.png
196.4484782218933,1435,record/1435.png
196.58503699302673,1436,record/1436.png
196.72262287139893,1437,record/1437.png
196.84797549247742,1438,record/1438.png
196.95342898368835,1439,record/1439.png
197.08698868751526,1440,record/1440.png
197.21976041793823,1441,record/1441.png
197.3542664051056,1442,record/1442.png
197.4872543811798,1443,record/1443.png
197.61954855918884,1444,record/1444.png
197.75332140922546,1445,record/1445.png
197.88637709617615,1446,record/1446.png
198.0182044506073,1447,record/1447.png
198.15259647369385,1448,record/1448.png
198.2851276397705,1449,record/1449.png
198.41890358924866,1450,record/1450.png
198.5510609149933,1451,record/1451.png
198.68477249145508,1452,record/1452.png
198.82268071174622,1453,record/1453.png
198.94794702529907,1454,record/1454.png
199.08101153373718,1455,record/1455.png
199.21545028686523,1456,record/1456.png
199.4152398109436,1457,record/1457.png
199.54944515228271,1458,record/1458.png
199.68163204193115,1459,record/1459.png
199.814795255661,1460,record/1460.png
199.94778490066528,1461,record/1461.png
200.0812590122223,1462,record/1462.png
200.21510314941406,1463,record/1463.png
200.34718203544617,1464,record/1464.png
200.52639865875244,1465,record/1465.png
200.6463098526001,1466,record/1466.png
200.78115057945251,1467,record/1467.png
200.91325783729553,1468,record/1468.png
201.04745292663574,1469,record/1469.png
201.18075108528137,1470,record/1470.png
201.312438249588,1471,record/1471.png
201.4463403224945,1472,record/1472.png
201.57922530174255,1473,record/1473.png
201.71246194839478,1474,record/1474.png
201.84697127342224,1475,record/1475.png
201.9795401096344,1476,record/1476.png
202.11435270309448,1477,record/1477.png
202.24860787391663,1478,record/1478.png
202.38151502609253,1479,record/1479.png
202.5143177509308,1480,record/1480.png
202.64540576934814,1481,record/1481.png
202.78156852722168,1482,record/1482.png
202.9140543937683,1483,record/1483.png
203.04857277870178,1484,record/1484.png
203.1801540851593,1485,record/1485.png
203.3158905506134,1486,record/1486.png
203.44719457626343,1487,record/1487.png
203.57870721817017,1488,record/1488.png
203.67942810058594,1489,record/1489.png
203.82302689552307,1490,record/1490.png
203.94910764694214,1491,record/1491.png
204.0815553665161,1492,record/1492.png
204.21632719039917,1493,record/1493.png
204.3503110408783,1494,record/1494.png
204.48299407958984,1495,record/1495.png
204.61571216583252,1496,record/1496.png
204.7483606338501,1497,record/1497.png
204.88307523727417,1498,record/1498.png
205.01547384262085,1499,record/1499.png
205.15059328079224,1500,record/1500.png
205.28339552879333,1501,record/1501.png
205.41633582115173,1502,record/1502.png
205.55029606819153,1503,record/1503.png
205.68246483802795,1504,record/1504.png
205.8169231414795,1505,record/1505.png
205.95534372329712,1506,record/1506.png
206.08092522621155,1507,record/1507.png
206.22268557548523,1508,record/1508.png
206.34929823875427,1509,record/1509.png
206.48300790786743,1510,record/1510.png
206.61916875839233,1511,record/1511.png
206.75007319450378,1512,record/1512.png
206.88074231147766,1513,record/1513.png
207.0162160396576,1514,record/1514.png
207.15083813667297,1515,record/1515.png
207.27822303771973,1516,record/1516.png
207.41106605529785,1517,record/1517.png
207.54399299621582,1518,record/1518.png
207.6779592037201,1519,record/1519.png
207.81150889396667,1520,record/1520.png
207.94428825378418,1521,record/1521.png
208.0776720046997,1522,record/1522.png
208.21104884147644,1523,record/1523.png
208.34450817108154,1524,record/1524.png
208.47694873809814,1525,record/1525.png
208.61069297790527,1526,record/1526.png
208.74314284324646,1527,record/1527.png
208.87746453285217,1528,record/1528.png
209.00994348526,1529,record/1529.png
209.14449167251587,1530,record/1530.png
209.27772974967957,1531,record/1531.png
209.41175317764282,1532,record/1532.png
209.5449252128601,1533,record/1533.png
209.67749071121216,1534,record/1534.png
209.810054063797,1535,record/1535.png
209.94614601135254,1536,record/1536.png
210.07663130760193,1537,record/1537.png
210.21019506454468,1538,record/1538.png
210.34371709823608,1539,record/1539.png
210.4777729511261,1540,record/1540.png
210.6092278957367,1541,record/1541.png
210.7429187297821,1542,record/1542.png
210.87601780891418,1543,record/1543.png
211.01088857650757,1544,record/1544.png
211.14497423171997,1545,record/1545.png
211.27748727798462,1546,record/1546.png
211.41669487953186,1547,record/1547.png
211.54207253456116,1548,record/1548.png
211.67577123641968,1549,record/1549.png
211.8136441707611,1550,record/1550.png
211.94315385818481,1551,record/1551.png
212.07749009132385,1552,record/1552.png
212.2087426185608,1553,record/1553.png
212.3461835384369,1554,record/1554.png
212.4810380935669,1555,record/1555.png
212.61800241470337,1556,record/1556.png
212.74847531318665,1557,record/1557.png
212.884370803833,1558,record/1558.png
213.01579785346985,1559,record/1559.png
213.14590454101562,1560,record/1560.png
213.27868676185608,1561,record/1561.png
213.41385984420776,1562,record/1562.png
213.54506635665894,1563,record/1563.png
213.6799008846283,1564,record/1564.png
213.81109070777893,1565,record/1565.png
213.94568920135498,1566,record/1566.png
214.07910132408142,1567,record/1567.png
214.21299719810486,1568,record/1568.png
214.34657907485962,1569,record/1569.png
214.47984290122986,1570,record/1570.png
214.6116771697998,1571,record/1571.png
214.7474808692932,1572,record/1572.png
214.87518954277039,1573,record/1573.png
215.00903010368347,1574,record/1574.png
215.1425497531891,1575,record/1575.png
215.27569723129272,1576,record/1576.png
215.4077513217926,1577,record/1577.png
215.54230499267578,1578,record/1578.png
215.67581868171692,1579,record/1579.png
215.80786991119385,1580,record/1580.png
215.94167971611023,1581,record/1581.png
216.0737235546112,1582,record/1582.png
216.2077476978302,1583,record/1583.png
216.34170031547546,1584,record/1584.png
216.47529339790344,1585,record/1585.png
216.60776782035828,1586,record/1586.png
216.74053955078125,1587,record/1587.png
216.8759799003601,1588,record/1588.png
217.00693154335022,1589,record/1589.png
217.1427137851715,1590,record/1590.png
217.27716875076294,1591,record/1591.png
217.40634155273438,1592,record/1592.png
217.54044818878174,1593,record/1593.png
217.67422032356262,1594,record/1594.png
217.80834221839905,1595,record/1595.png
217.94165110588074,1596,record/1596.png
218.0751600265503,1597,record/1597.png
218.2117428779602,1598,record/1598.png
218.34070229530334,1599,record/1599.png
218.47374868392944,1600,record/1600.png
218.5742609500885,1601,record/1601.png
218.6738007068634,1602,record/1602.png
218.80730175971985,1603,record/1603.png
218.9398775100708,1604,record/1604.png
219.07289361953735,1605,record/1605.png
219.174742937088,1606,record/1606.png
219.3087785243988,1607,record/1607.png
219.44084763526917,1608,record/1608.png
219.5417046546936,1609,record/1609.png
219.64071011543274,1610,record/1610.png
219.77357077598572,1611,record/1611.png
219.87971258163452,1612,record/1612.png
220.01258611679077,1613,record/1613.png
220.15040707588196,1614,record/1614.png
220.27854204177856,1615,record/1615.png
220.41064143180847,1616,record/1616.png
220.5443012714386,1617,record/1617.png
220.67718076705933,1618,record/1618.png
220.810711145401,1619,record/1619.png
220.9446246623993,1620,record/1620.png
221.0770058631897,1621,record/1621.png
221.21159386634827,1622,record/1622.png
221.34418368339539,1623,record/1623.png
221.4832832813263,1624,record/1624.png
221.61237502098083,1625,record/1625.png
221.74422669410706,1626,record/1626.png
221.87623715400696,1627,record/1627.png
222.0071885585785,1628,record/1628.png
222.14050960540771,1629,record/1629.png
222.2724711894989,1630,record/1630.png
222.40639638900757,1631,record/1631.png
222.53927063941956,1632,record/1632.png
222.67181968688965,1633,record/1633.png
222.8069257736206,1634,record/1634.png
222.94071698188782,1635,record/1635.png
223.07208609580994,1636,record/1636.png
223.20703148841858,1637,record/1637.png
223.33822655677795,1638,record/1638.png
223.4389684200287,1639,record/1639.png
223.57193183898926,1640,record/1640.png
223.70591735839844,1641,record/1641.png
223.84016156196594,1642,record/1642.png
223.97195434570312,1643,record/1643.png
224.1062295436859,1644,record/1644.png
224.23832535743713,1645,record/1645.png
224.3726291656494,1646,record/1646.png
224.50565838813782,1647,record/1647.png
224.6410162448883,1648,record/1648.png
224.77138710021973,1649,record/1649.png
224.90520977973938,1650,record/1650.png
225.03779006004333,1651,record/1651.png
225.1730353832245,1652,record/1652.png
225.3050000667572,1653,record/1653.png
225.43797731399536,1654,record/1654.png
225.5722017288208,1655,record/1655.png
225.70461893081665,1656,record/1656.png
225.83894181251526,1657,record/1657.png
225.97251296043396,1658,record/1658.png
226.1039273738861,1659,record/1659.png
226.23834419250488,1660,record/1660.png
226.37284779548645,1661,record/1661.png
226.50507831573486,1662,record/1662.png
226.63843703269958,1663,record/1663.png
226.7711787223816,1664,record/1664.png
226.91033267974854,1665,record/1665.png
227.03987193107605,1666,record/1666.png
227.17566919326782,1667,record/1667.png
227.3086085319519,1668,record/1668.png
227.4410343170166,1669,record/1669.png
227.57370519638062,1670,record/1670.png
227.70792698860168,1671,record/1671.png
227.84493613243103,1672,record/1672.png
227.96983671188354,1673,record/1673.png
228.1038510799408,1674,record/1674.png
228.23999214172363,1675,record/1675.png
228.37078261375427,1676,record/1676.png
228.50315260887146,1677,record/1677.png
228.63863825798035,1678,record/1678.png
228.77072048187256,1679,record/1679.png
228.90321922302246,1680,record/1680.png
229.03664207458496,1681,record/1681.png
229.1701307296753,1682,record/1682.png
229.3021204471588,1683,record/1683.png
229.43730115890503,1684,record/1684.png
229.57000541687012,1685,record/1685.png
229.70439171791077,1686,record/1686.png
229.8370761871338,1687,record/1687.png
229.96933937072754,1688,record/1688.png
230.10271859169006,1689,record/1689.png
230.20315527915955,1690,record/1690.png
230.3031783103943,1691,record/1691.png
230.43571591377258,1692,record/1692.png
230.5692138671875,1693,record/1693.png
230.70234870910645,1694,record/1694.png
230.83752250671387,1695,record/1695.png
230.96909165382385,1696,record/1696.png
231.10236597061157,1697,record/1697.png
231.23530387878418,1698,record/1698.png
231.36900234222412,1699,record/1699.png
231.50442361831665,1700,record/1700.png
231.63587522506714,1701,record/1701.png
231.76841974258423,1702,record/1702.png
231.90235877037048,1703,record/1703.png
232.03516697883606,1704,record/1704.png
232.16923093795776,1705,record/1705.png
232.30158877372742,1706,record/1706.png
232.4356071949005,1707,record/1707.png
232.56916427612305,1708,record/1708.png
232.7048306465149,1709,record/1709.png
232.84282636642456,1710,record/1710.png
232.97935891151428,1711,record/1711.png
233.10698342323303,1712,record/1712.png
233.241042137146,1713,record/1713.png
233.37220358848572,1714,record/1714.png
233.50656247138977,1715,record/1715.png
233.64007425308228,1716,record/1716.png
233.7737319469452,1717,record/1717.png
233.90649843215942,1718,record/1718.png
234.03798031806946,1719,record/1719.png
234.17632007598877,1720,record/1720.png
234.30706977844238,1721,record/1721.png
234.4392375946045,1722,record/1722.png
234.57154178619385,1723,record/1723.png
234.70622873306274,1724,record/1724.png
234.83945894241333,1725,record/1725.png
234.97392868995667,1726,record/1726.png
235.1064829826355,1727,record/1727.png
235.2381489276886,1728,record/1728.png
235.3744819164276,1729,record/1729.png
235.50531196594238,1730,record/1730.png
235.64188432693481,1731,record/1731.png
235.77123069763184,1732,record/1732.png
235.90446138381958,1733,record/1733.png
236.0393922328949,1734,record/1734.png
236.17071795463562,1735,record/1735.png
236.3078806400299,1736,record/1736.png
236.43502593040466,1737,record/1737.png
236.5663595199585,1738,record/1738.png
236.69968390464783,1739,record/1739.png
236.833482503891,1740,record/1740.png
236.96724033355713,1741,record/1741.png
237.10166144371033,1742,record/1742.png
237.2351541519165,1743,record/1743.png
237.3666684627533,1744,record/1744.png
237.49992609024048,1745,record/1745.png
237.63286924362183,1746,record/1746.png
237.7672004699707,1747,record/1747.png
237.8996880054474,1748,record/1748.png
238.03238916397095,1749,record/1749.png
238.16741800308228,1750,record/1750.png
238.29963970184326,1751,record/1751.png
238.43452095985413,1752,record/1752.png
238.56622624397278,1753,record/1753.png
238.69950199127197,1754,record/1754.png
238.8371946811676,1755,record/1755.png
238.96738052368164,1756,record/1756.png
239.10044193267822,1757,record/1757.png
239.23325085639954,1758,record/1758.png
239.36599969863892,1759,record/1759.png
239.5018618106842,1760,record/1760.png
239.63305282592773,1761,record/1761.png
239.76593136787415,1762,record/1762.png
239.90075516700745,1763,record/1763.png
240.03262543678284,1764,record/1764.png
240.1659083366394,1765,record/1765.png
240.3007047176361,1766,record/1766.png
240.43216848373413,1767,record/1767.png
240.5671648979187,1768,record/1768.png
240.699401140213,1769,record/1769.png
240.83456802368164,1770,record/1770.png
240.96572947502136,1771,record/1771.png
241.09856128692627,1772,record/1772.png
241.23295331001282,1773,record/1773.png
241.36588072776794,1774,record/1774.png
241.47011971473694,1775,record/1775.png
241.6033570766449,1776,record/1776.png
241.7358160018921,1777,record/1777.png
241.86945152282715,1778,record/1778.png
242.00225019454956,1779,record/1779.png
242.1356818675995,1780,record/1780.png
242.2694330215454,1781,record/1781.png
242.40055227279663,1782,record/1782.png
242.5361409187317,1783,record/1783.png
242.66787552833557,1784,record/1784.png
242.80629992485046,1785,record/1785.png
242.93312335014343,1786,record/1786.png
243.06455755233765,1787,record/1787.png
243.16494631767273,1788,record/1788.png
243.30035042762756,1789,record/1789.png
243.43181490898132,1790,record/1790.png
243.5649242401123,1791,record/1791.png
243.6988480091095,1792,record/1792.png
243.83281064033508,1793,record/1793.png
243.96406388282776,1794,record/1794.png
244.09918093681335,1795,record/1795.png
244.23225140571594,1796,record/1796.png
244.3656804561615,1797,record/1797.png
244.49819993972778,1798,record/1798.png
244.63254714012146,1799,record/1799.png
244.76430773735046,1800,record/1800.png
244.89743781089783,1801,record/1801.png
245.0325608253479,1802,record/1802.png
245.16402530670166,1803,record/1803.png
245.29718804359436,1804,record/1804.png
245.43075251579285,1805,record/1805.png
245.5642066001892,1806,record/1806.png
245.6971583366394,1807,record/1807.png
245.83166122436523,1808,record/1808.png
245.96425104141235,1809,record/1809.png
246.09698820114136,1810,record/1810.png
246.22992324829102,1811,record/1811.png
246.3647382259369,1812,record/1812.png
246.49818468093872,1813,record/1813.png
246.63061571121216,1814,record/1814.png
246.76348233222961,1815,record/1815.png
246.89724969863892,1816,record/1816.png
247.03135132789612,1817,record/1817.png
247.16436910629272,1818,record/1818.png
247.29766631126404,1819,record/1819.png
247.4316372871399,1820,record/1820.png
247.56265878677368,1821,record/1821.png
247.69660806655884,1822,record/1822.png
247.83021211624146,1823,record/1823.png
247.96878218650818,1824,record/1824.png
248.0994462966919,1825,record/1825.png
248.23810410499573,1826,record/1826.png
248.3667333126068,1827,record/1827.png
248.5036928653717,1828,record/1828.png
248.635160446167,1829,record/1829.png
248.7674436569214,1830,record/1830.png
248.9008331298828,1831,record/1831.png
249.03289890289307,1832,record/1832.png
249.1762306690216,1833,record/1833.png
249.33237171173096,1834,record/1834.png
249.46219754219055,1835,record/1835.png
249.59569144248962,1836,record/1836.png
249.72958993911743,1837,record/1837.png
249.864027261734,1838,record/1838.png
249.99567341804504,1839,record/1839.png
250.12850952148438,1840,record/1840.png
250.27126574516296,1841,record/1841.png
250.39611220359802,1842,record/1842.png
250.52864170074463,1843,record/1843.png
250.66211009025574,1844,record/1844.png
250.79456233978271,1845,record/1845.png
250.9290692806244,1846,record/1846.png
251.0619354248047,1847,record/1847.png
251.19622349739075,1848,record/1848.png
251.32801270484924,1849,record/1849.png
251.46470499038696,1850,record/1850.png
251.59453439712524,1851,record/1851.png
251.72802472114563,1852,record/1852.png
251.8618984222412,1853,record/1853.png
251.99466228485107,1854,record/1854.png
252.12967729568481,1855,record/1855.png
252.26177072525024,1856,record/1856.png
252.39509510993958,1857,record/1857.png
252.52846455574036,1858,record/1858.png
252.6611979007721,1859,record/1859.png
252.7613983154297,1860,record/1860.png
252.89631509780884,1861,record/1861.png
253.0285484790802,1862,record/1862.png
253.16084456443787,1863,record/1863.png
253.29460287094116,1864,record/1864.png
253.42807364463806,1865,record/1865.png
253.56158423423767,1866,record/1866.png
253.6943063735962,1867,record/1867.png
253.82860255241394,1868,record/1868.png
253.96073532104492,1869,record/1869.png
254.09668731689453,1870,record/1870.png
254.23297905921936,1871,record/1871.png
254.36566996574402,1872,record/1872.png
254.49830102920532,1873,record/1873.png
254.63378477096558,1874,record/1874.png
254.76536917686462,1875,record/1875.png
254.89376735687256,1876,record/1876.png
255.02767133712769,1877,record/1877.png
255.16026067733765,1878,record/1878.png
255.29423356056213,1879,record/1879.png
255.42740416526794,1880,record/1880.png
255.56123065948486,1881,record/1881.png
255.6935110092163,1882,record/1882.png
255.82796025276184,1883,record/1883.png
255.9597978591919,1884,record/1884.png
256.09371852874756,1885,record/1885.png
256.227153301239,1886,record/1886.png
256.36110401153564,1887,record/1887.png
256.49534463882446,1888,record/1888.png
256.6272370815277,1889,record/1889.png
256.7606027126312,1890,record/1890.png
256.8946626186371,1891,record/1891.png
257.0271964073181,1892,record/1892.png
257.1590898036957,1893,record/1893.png
257.2935800552368,1894,record/1894.png
257.4260160923004,1895,record/1895.png
257.5606760978699,1896,record/1896.png
257.69285774230957,1897,record/1897.png
257.8258833885193,1898,record/1898.png
257.96064043045044,1899,record/1899.png
258.0949375629425,1900,record/1900.png
258.2264451980591,1901,record/1901.png
258.3590750694275,1902,record/1902.png
258.493775844574,1903,record/1903.png
258.62539052963257,1904,record/1904.png
258.75963854789734,1905,record/1905.png
258.8927376270294,1906,record/1906.png
259.02599930763245,1907,record/1907.png
259.1592056751251,1908,record/1908.png
259.29145526885986,1909,record/1909.png
259.42605447769165,1910,record/1910.png
259.55963349342346,1911,record/1911.png
259.69182538986206,1912,record/1912.png
259.82943892478943,1913,record/1913.png
259.9613182544708,1914,record/1914.png
260.0978994369507,1915,record/1915.png
260.23043489456177,1916,record/1916.png
260.36290669441223,1917,record/1917.png
260.49608731269836,1918,record/1918.png
260.6325738430023,1919,record/1919.png
260.7635803222656,1920,record/1920.png
260.8970363140106,1921,record/1921.png
261.03188467025757,1922,record/1922.png
261.1632046699524,1923,record/1923.png
261.29570174217224,1924,record/1924.png
261.4295630455017,1925,record/1925.png
261.56295371055603,1926,record/1926.png
261.6966962814331,1927,record/1927.png
261.8315851688385,1928,record/1928.png
261.96259450912476,1929,record/1929.png
262.09467577934265,1930,record/1930.png
262.22836661338806,1931,record/1931.png
262.36332535743713,1932,record/1932.png
262.49714159965515,1933,record/1933.png
262.6302559375763,1934,record/1934.png
262.7617690563202,1935,record/1935.png
262.89501667022705,1936,record/1936.png
263.0286247730255,1937,record/1937.png
263.1650400161743,1938,record/1938.png
263.29511189460754,1939,record/1939.png
263.42913937568665,1940,record/1940.png
263.56131052970886,1941,record/1941.png
263.6949796676636,1942,record/1942.png
263.8421757221222,1943,record/1943.png
263.96420550346375,1944,record/1944.png
264.0947325229645,1945,record/1945.png
264.2283933162689,1946,record/1946.png
264.36202239990234,1947,record/1947.png
264.4942898750305,1948,record/1948.png
264.63050055503845,1949,record/1949.png
264.7627844810486,1950,record/1950.png
264.8915603160858,1951,record/1951.png
264.9907500743866,1952,record/1952.png
265.12498664855957,1953,record/1953.png
265.25711154937744,1954,record/1954.png
265.391220331192,1955,record/1955.png
265.52443861961365,1956,record/1956.png
265.6561052799225,1957,record/1957.png
265.7911376953125,1958,record/1958.png
265.9240047931671,1959,record/1959.png
266.0562586784363,1960,record/1960.png
266.2101526260376,1961,record/1961.png
266.32388854026794,1962,record/1962.png
266.4584090709686,1963,record/1963.png
266.59054255485535,1964,record/1964.png
266.72345304489136,1965,record/1965.png
266.8565514087677,1966,record/1966.png
266.989914894104,1967,record/1967.png
267.12377977371216,1968,record/1968.png
267.2562518119812,1969,record/1969.png
267.393435716629,1970,record/1970.png
267.5233337879181,1971,record/1971.png
267.65564942359924,1972,record/1972.png
267.7912337779999,1973,record/1973.png
267.9217619895935,1974,record/1974.png
268.0571677684784,1975,record/1975.png
268.1912078857422,1976,record/1976.png
268.3230857849121,1977,record/1977.png
268.45717191696167,1978,record/1978.png
268.5887475013733,1979,record/1979.png
268.72204875946045,1980,record/1980.png
268.8553304672241,1981,record/1981.png
268.9946937561035,1982,record/1982.png
269.12402606010437,1983,record/1983.png
269.255380153656,1984,record/1984.png
269.38869285583496,1985,record/1985.png
269.5214776992798,1986,record/1986.png
