0.15718674659729004,0,0
0.26613473892211914,0,0
0.35105109214782715,0,0
0.4560854434967041,0,0
0.5698826313018799,0,0
0.6869151592254639,0,0
0.7885513305664062,0,0
0.8950481414794922,0,0
0.9880657196044922,0,0
1.0904343128204346,0,0
1.190382719039917,0,0
3.253756284713745,0,0
3.3786637783050537,0,0
3.5117716789245605,0,0
3.6461446285247803,0,0
3.776675224304199,0,0
3.9147984981536865,0,0
4.045484781265259,0,0
4.1789586544036865,0,0
4.327782869338989,0,0
4.447771310806274,0,0
4.576996326446533,0,0
4.715487480163574,0,0
4.844664573669434,0,0
4.978287935256958,0,0
5.117137670516968,0,0
5.252719879150391,0,0
5.3831987380981445,0,0
5.508920192718506,0,0
5.643527507781982,0,0
5.7766337394714355,0,0
5.913952112197876,50,-50
6.050240755081177,50,-50
6.175609350204468,50,-50
6.3095808029174805,50,-50
6.450840473175049,50,-50
6.581714391708374,50,-50
6.7109129428863525,50,-50
6.848291873931885,50,-50
6.995828628540039,50,-50
7.111011266708374,50,-50
7.2492148876190186,50,-50
7.377511024475098,50,-50
7.510065317153931,50,-50
7.64410400390625,50,-50
7.781884670257568,50,-50
7.909421443939209,50,-50
8.04652452468872,50,-50
8.17693018913269,50,-50
8.3150954246521,20,20
8.453950643539429,20,20
8.58410930633545,50,-50
8.714822769165039,50,-50
8.843976259231567,50,-50
8.973923683166504,50,-50
9.11156415939331,50,-50
9.25045108795166,50,-50
9.383060216903687,50,-50
9.511507987976074,50,-50
9.645928859710693,50,-50
9.827331781387329,50,-50
9.954197406768799,50,-50
10.07778286933899,50,-50
10.209300518035889,50,-50
10.349902153015137,50,-50
10.480895757675171,50,-50
10.612345695495605,50,-50
10.746262788772583,50,-50
10.87961459159851,50,-50
11.02237319946289,50,-50
11.144740581512451,50,-50
11.28262186050415,0,0
11.415239095687866,0,0
11.549445867538452,0,0
11.676129817962646,20,20
11.811522483825684,20,20
11.945069313049316,20,20
12.074886798858643,20,20
12.207773923873901,20,20
12.34671950340271,20,20
12.47318172454834,20,20
12.627400636672974,20,20
12.743487119674683,0,0
12.87316608428955,0,0
13.017508506774902,0,0
13.146363735198975,-50,50
13.27540397644043,-50,50
13.411381959915161,-50,50
13.544670581817627,-50,50
13.685643672943115,-50,50
13.812828540802002,-50,50
13.940749168395996,-50,50
14.082928657531738,-50,50
14.211722135543823,-50,50
14.346821546554565,-50,50
14.480244874954224,-50,50
14.611568450927734,-50,50
14.7415292263031,-50,50
14.880622863769531,-50,50
15.013047218322754,-50,50
15.145299196243286,-50,50
15.285071849822998,-50,50
15.414072275161743,-50,50
15.544527530670166,-50,50
15.677818059921265,-50,50
15.81387710571289,-50,50
15.948353052139282,-50,50
16.076605319976807,-50,50
16.213465452194214,-50,50
16.343607425689697,-50,50
16.473482131958008,-50,50
16.614545345306396,-50,50
16.750353574752808,-50,50
16.87729024887085,-50,50
17.008018255233765,-50,50
17.146833419799805,0,0
17.27859377861023,0,0
17.411100387573242,0,0
17.548126459121704,0,0
17.6737060546875,0,0
17.808507919311523,-20,-20
17.961830377578735,-20,-20
18.110049724578857,-20,-20
18.238038778305054,-20,-20
18.37277340888977,-20,-20
18.506290435791016,-20,-20
18.645094871520996,-20,-20
18.77927875518799,-20,-20
18.90729594230652,-20,-20
19.047083616256714,-20,-20
19.177571296691895,-20,-20
19.30388069152832,-20,-20
19.443583726882935,-20,-20
19.578115701675415,-20,-20
19.70627188682556,0,0
19.844388246536255,0,0
19.97642230987549,0,0
20.106204509735107,0,0
20.241190671920776,0,0
20.37154984474182,0,0
20.511385440826416,0,0
20.639512300491333,0,0
20.792290449142456,0,0
20.905800580978394,0,0
21.03993582725525,0,0
21.176374912261963,50,-50
21.303988218307495,50,-50
21.446351528167725,50,-50
21.5719952583313,50,-50
21.70653748512268,50,-50
21.83948040008545,50,-50
21.971990823745728,50,-50
22.11324644088745,50,-50
22.24256467819214,50,-50
22.369646310806274,50,-50
22.508978128433228,50,-50
22.639170169830322,50,-50
22.781405448913574,50,-50
22.907938957214355,50,-50
23.042758464813232,0,0
23.180171012878418,0,0
23.30797529220581,-20,-20
23.436792612075806,-20,-20
23.593726634979248,-20,-20
23.715506315231323,20,20
23.84373450279236,20,20
23.97659659385681,20,20
24.11131262779236,20,20
24.242335081100464,20,20
24.371920585632324,20,20
24.50668239593506,20,20
24.64398717880249,20,20
24.77239179611206,20,20
24.90499520301819,20,20
25.041877031326294,20,20
25.172029733657837,20,20
25.30925440788269,20,20
25.440202713012695,20,20
25.581902503967285,20,20
25.721789360046387,20,20
25.84163498878479,20,20
25.974380016326904,20,20
26.105717658996582,20,20
26.241459131240845,20,20
26.391324520111084,20,20
26.53658437728882,20,20
26.662769079208374,20,20
26.773388624191284,0,0
26.897228002548218,0,0
27.028817892074585,0,0
27.163920402526855,0,0
27.296504497528076,0,0
27.429287910461426,0,0
27.5522780418396,0,0
27.66330337524414,0,0
27.800340175628662,0,0
27.92928981781006,0,0
28.063939809799194,0,0
28.195907592773438,0,0
28.33185911178589,0,0
28.463959455490112,0,0
28.59399652481079,0,0
28.730064153671265,0,0
28.86292338371277,0,0
29.002631187438965,-20,-20
29.130115509033203,-20,-20
29.265371799468994,-20,-20
29.39714789390564,-20,-20
29.495195150375366,0,0
29.632971048355103,0,0
29.762515544891357,0,0
29.89452886581421,0,0
30.028239727020264,0,0
30.161816596984863,0,0
30.29497504234314,0,0
30.4300217628479,0,0
30.56193709373474,0,0
30.695058584213257,0,0
30.831705570220947,0,0
30.961814403533936,-20,-20
31.101936101913452,-20,-20
31.227749347686768,-20,-20
31.362370491027832,-20,-20
31.49536442756653,-20,-20
31.61279535293579,-20,-20
31.733206748962402,-20,-20
31.885900020599365,50,-50
32.00736165046692,50,-50
32.135544776916504,50,-50
32.271395683288574,50,-50
32.40642762184143,50,-50
32.54348301887512,50,-50
32.66895127296448,50,-50
32.807645320892334,50,-50
32.93577027320862,50,-50
33.07455348968506,50,-50
33.20156741142273,50,-50
33.33922624588013,50,-50
33.47035622596741,50,-50
33.600510597229004,50,-50
33.73214054107666,50,-50
33.86561632156372,50,-50
34.00163674354553,50,-50
34.134222745895386,50,-50
34.27370643615723,50,-50
34.40222191810608,20,20
34.53108549118042,20,20
34.66611123085022,20,20
34.80264377593994,20,20
34.93396520614624,20,20
35.06578183174133,20,20
35.19932150840759,20,20
35.335697174072266,20,20
35.46627926826477,20,20
35.603376626968384,0,0
35.735127449035645,0,0
35.8776171207428,0,0
36.000996589660645,0,0
36.13625884056091,0,0
36.26769828796387,0,0
36.39851975440979,0,0
36.53177356719971,0,0
36.672125577926636,-50,50
36.801413774490356,20,20
36.934163331985474,20,20
37.068750619888306,20,20
37.2075138092041,20,20
37.33797025680542,20,20
37.48675608634949,20,20
37.60236668586731,20,20
37.73361611366272,20,20
37.869340896606445,20,20
38.00361967086792,20,20
38.13872742652893,20,20
38.27253818511963,20,20
38.436394929885864,20,20
38.573793172836304,20,20
38.70577049255371,20,20
38.83486032485962,20,20
38.97362184524536,20,20
39.09963130950928,20,20
39.23357963562012,0,0
39.36642265319824,0,0
39.508909702301025,0,0
39.635703325271606,0,0
39.7700891494751,0,0
39.90103554725647,0,0
40.03785181045532,0,0
40.17359662055969,0,0
40.298508167266846,0,0
40.4419162273407,0,0
40.56852149963379,0,0
40.71872329711914,0,0
40.83146047592163,-20,-20
40.97228670120239,-20,-20
41.11239719390869,-20,-20
41.26897406578064,-20,-20
41.40451788902283,-20,-20
41.531275272369385,-20,-20
41.67047953605652,-20,-20
41.803629636764526,-20,-20
41.9322190284729,0,0
42.068122148513794,0,0
42.20178532600403,0,0
42.33776140213013,0,0
42.46853518486023,0,0
42.60009717941284,0,0
42.736811876297,0,0
42.86417531967163,0,0
42.999170541763306,0,0
43.14388990402222,0,0
43.27675700187683,0,0
43.405006885528564,0,0
43.539100646972656,0,0
43.67512536048889,0,0
43.805139780044556,0,0
43.93837237358093,0,0
44.06619930267334,0,0
44.19973921775818,0,0
44.335349321365356,0,0
44.47048878669739,0,0
44.60691595077515,0,0
44.73886966705322,0,0
44.87345218658447,0,0
45.00886535644531,0,0
45.1509735584259,0,0
45.30486440658569,-50,50
45.43634223937988,-50,50
45.566089153289795,-50,50
45.703096866607666,-50,50
45.83320331573486,-50,50
45.96959471702576,-50,50
46.09994411468506,-50,50
46.23406982421875,-50,50
46.37213468551636,-50,50
46.50652718544006,-50,50
46.634850025177,-50,50
46.76215577125549,0,0
46.90020751953125,0,0
47.030080795288086,0,0
47.16293931007385,0,0
47.3049738407135,0,0
47.4343523979187,0,0
47.563140630722046,0,0
47.69278836250305,20,20
47.83000946044922,20,20
47.96842360496521,20,20
48.10230565071106,20,20
48.23542547225952,20,20
48.36710858345032,20,20
48.49867105484009,20,20
48.6340012550354,20,20
48.76629972457886,20,20
48.90115976333618,20,20
49.04685711860657,20,20
49.165255308151245,20,20
49.299712896347046,20,20
49.430845737457275,20,20
49.56632924079895,20,20
49.69509553909302,20,20
49.833086013793945,20,20
49.96670436859131,20,20
50.09522533416748,20,20
50.236912965774536,20,20
50.36402988433838,20,20
50.49894070625305,20,20
50.63211750984192,20,20
50.75634288787842,20,20
50.88659405708313,20,20
51.021867513656616,0,0
51.15239644050598,0,0
51.25491786003113,0,0
51.38669157028198,0,0
51.52110457420349,0,0
51.65445923805237,0,0
51.7878041267395,0,0
51.9225115776062,0,0
52.05332970619202,0,0
52.188673973083496,0,0
52.31844139099121,0,0
52.42712211608887,0,0
52.551984786987305,0,0
52.68425798416138,0,0
52.78809189796448,0,0
52.918396949768066,0,0
53.01935648918152,0,0
53.1519341468811,0,0
53.2848060131073,-20,-20
53.4199857711792,-20,-20
53.55109143257141,-20,-20
53.684741497039795,-20,-20
53.81976866722107,-20,-20
53.92302918434143,-20,-20
54.05207347869873,-20,-20
54.18590807914734,-20,-20
54.32034087181091,-20,-20
54.454275369644165,-20,-20
54.5890691280365,-20,-20
54.717806339263916,-20,-20
54.85600161552429,-20,-20
54.98835325241089,-20,-20
55.120534896850586,-20,-20
55.25200963020325,-20,-20
55.387665033340454,-20,-20
55.520427227020264,-20,-20
55.676607608795166,-20,-20
55.7894561290741,0,0
55.93452167510986,0,0
56.06619691848755,0,0
56.40910816192627,0,0
56.5265576839447,0,0
56.66790437698364,-20,-20
56.78594160079956,-20,-20
56.922959327697754,-20,-20
57.05164098739624,-20,-20
57.183159589767456,-20,-20
57.324517250061035,-20,-20
57.45510673522949,-20,-20
57.586341857910156,-20,-20
57.71635937690735,-20,-20
57.81691384315491,-20,-20
57.954532861709595,-20,-20
58.09887170791626,-20,-20
58.21671748161316,-20,-20
58.3562593460083,-20,-20
58.48577308654785,0,0
58.618791818618774,0,0
58.750048875808716,0,0
58.88591504096985,0,0
59.02163124084473,0,0
59.220372438430786,0,0
59.45600867271423,0,0
59.60763669013977,0,0
59.938112020492554,0,0
60.17599582672119,0,0
60.42226052284241,0,0
60.56474280357361,0,0
60.810933351516724,0,0
61.1616907119751,20,20
61.387396574020386,20,20
61.62135052680969,20,20
61.87146067619324,20,20
62.11287999153137,20,20
62.34989094734192,20,20
62.588271141052246,20,20
62.82814836502075,20,20
62.963616132736206,50,-50
63.19511270523071,50,-50
63.46542739868164,50,-50
63.774255990982056,50,-50
64.09566712379456,50,-50
65.33286166191101,50,-50
65.49692273139954,50,-50
65.66408944129944,50,-50
65.83040070533752,50,-50
65.997563123703,50,-50
66.16172742843628,50,-50
66.33777952194214,50,-50
66.49573397636414,50,-50
66.62931442260742,50,-50
66.76453042030334,50,-50
66.92954564094543,50,-50
67.06305932998657,50,-50
67.1931381225586,50,-50
67.33360862731934,50,-50
67.4956955909729,50,-50
67.63075304031372,50,-50
67.79422092437744,50,-50
67.921719789505,0,0
68.05880355834961,0,0
68.19444012641907,0,0
68.32098460197449,0,0
68.45825266838074,20,20
68.58856678009033,20,20
68.72819757461548,20,20
68.86034178733826,20,20
68.9946129322052,20,20
69.12171626091003,20,20
69.26155877113342,20,20
69.39243340492249,20,20
69.53224968910217,20,20
69.6613552570343,20,20
69.79054951667786,0,0
69.92654204368591,0,0
70.0652072429657,0,0
70.19056129455566,0,0
70.32282161712646,0,0
70.46262526512146,0,0
70.5918071269989,0,0
70.72022914886475,0,0
70.86187624931335,0,0
70.98773622512817,0,0
71.12664651870728,-50,50
71.25800347328186,-50,50
71.39075016975403,-50,50
71.52722239494324,-50,50
71.65949201583862,-50,50
71.79262256622314,-50,50
71.92565131187439,-50,50
72.05319094657898,-50,50
72.19170069694519,-50,50
72.3248884677887,-50,50
72.46118688583374,-50,50
72.59389758110046,-50,50
72.73051810264587,-50,50
72.86547255516052,-20,-20
72.99132823944092,-20,-20
73.12257742881775,-20,-20
73.25956535339355,0,0
73.40012788772583,0,0
73.5264208316803,0,0
73.6568193435669,0,0
73.801114320755,0,0
73.96356654167175,0,0
74.0940945148468,0,0
74.22129487991333,0,0
74.3543689250946,0,0
74.48930168151855,0,0
74.61639714241028,0,0
74.76216769218445,0,0
74.88028836250305,0,0
75.01291847229004,0,0
75.14518594741821,0,0
75.30185556411743,0,0
75.41121101379395,0,0
75.54489660263062,0,0
75.68015432357788,-20,-20
75.8118462562561,-20,-20
75.94434881210327,-20,-20
76.08028316497803,-20,-20
76.21720886230469,-20,-20
76.34386324882507,-20,-20
76.4458920955658,-20,-20
76.58558487892151,-20,-20
76.7130401134491,-20,-20
76.84600806236267,-20,-20
76.97592663764954,-20,-20
77.11558365821838,-20,-20
77.24823260307312,-20,-20
77.37994599342346,-20,-20
77.51348733901978,0,0
77.6465470790863,0,0
77.77987623214722,0,0
77.91139149665833,0,0
78.04306101799011,0,0
78.17737007141113,0,0
78.32041382789612,0,0
78.44529581069946,0,0
78.5793387889862,0,0
78.71304202079773,0,0
78.84428238868713,0,0
78.9777250289917,0,0
79.11077332496643,0,0
79.24803519248962,0,0
79.3776581287384,0,0
79.51083493232727,0,0
79.64988923072815,0,0
79.77906250953674,0,0
79.92504262924194,-20,-20
80.05040550231934,-20,-20
80.18699383735657,-20,-20
80.32342433929443,-20,-20
80.45401549339294,-20,-20
80.5915756225586,-20,-20
80.71441960334778,-20,-20
80.85143113136292,-20,-20
80.98493790626526,-20,-20
81.12071251869202,-20,-20
81.25679922103882,-20,-20
81.38484787940979,-20,-20
81.51629424095154,-20,-20
81.65309143066406,0,0
81.79288721084595,0,0
81.91430401802063,0,0
82.04844212532043,0,0
82.1776192188263,0,0
82.3148787021637,0,0
82.4446291923523,0,0
82.57932448387146,0,0
82.71415829658508,0,0
82.84046125411987,0,0
82.97820234298706,0,0
83.10783791542053,0,0
83.24426341056824,0,0
83.37702775001526,0,0
83.5098524093628,0,0
83.65015959739685,0,0
83.77492165565491,0,0
83.91044759750366,0,0
84.04125738143921,0,0
84.17725491523743,0,0
84.31030869483948,0,0
84.44394016265869,0,0
84.57667279243469,20,20
84.70951676368713,20,20
84.84078240394592,20,20
84.9754421710968,20,20
85.07535457611084,20,20
85.21061754226685,20,20
85.30849313735962,20,20
85.44254183769226,20,20
85.57575154304504,20,20
85.71417903900146,20,20
85.84028697013855,20,20
85.97695112228394,20,20
86.12657475471497,0,0
86.2418737411499,0,0
86.37704253196716,0,0
86.50760269165039,0,0
86.64261746406555,0,0
86.78827977180481,0,0
86.92168045043945,0,0
87.04921674728394,0,0
87.18672156333923,0,0
87.32014632225037,0,0
87.45198702812195,0,0
87.58466958999634,0,0
87.71678757667542,0,0
87.85632920265198,0,0
87.98184370994568,0,0
88.11917328834534,0,0
88.26136946678162,0,0
88.38270854949951,20,20
88.51712656021118,20,20
88.64802026748657,20,20
88.7912027835846,20,20
88.91332006454468,20,20
89.04247498512268,20,20
89.17326951026917,20,20
89.31575083732605,20,20
89.44067096710205,20,20
89.5765929222107,20,20
89.72427487373352,20,20
89.84135270118713,20,20
89.97895741462708,20,20
90.12501454353333,20,20
90.24310064315796,20,20
90.37226748466492,20,20
90.47280406951904,20,20
90.60684490203857,20,20
90.73899102210999,0,0
90.87439942359924,0,0
91.00670623779297,0,0
91.14116954803467,0,0
91.27478766441345,0,0
91.40686464309692,0,0
91.54090285301208,0,0
91.64170551300049,0,0
91.77456426620483,0,0
91.90539073944092,0,0
92.04320859909058,0,0
92.1759946346283,0,0
92.30617141723633,50,-50
92.43859887123108,50,-50
92.57366228103638,50,-50
92.7049560546875,50,-50
92.83897137641907,50,-50
92.97363328933716,50,-50
93.11608004570007,50,-50
93.24043202400208,50,-50
93.37470531463623,50,-50
93.50498461723328,50,-50
93.64054870605469,50,-50
93.77284622192383,50,-50
93.91886568069458,50,-50
94.04420876502991,50,-50
94.1846776008606,50,-50
94.3156008720398,50,-50
94.44830703735352,50,-50
94.58558177947998,50,-50
94.71703743934631,50,-50
94.84188961982727,50,-50
94.97833919525146,50,-50
95.13112115859985,50,-50
95.2466413974762,50,-50
95.38283205032349,-20,-20
95.51544547080994,-20,-20
95.64210414886475,-20,-20
95.78606247901917,-20,-20
95.91133999824524,-20,-20
96.0501320362091,-20,-20
96.1762843132019,-20,-20
96.31706547737122,-20,-20
96.45114159584045,-20,-20
96.58365631103516,-20,-20
96.71028757095337,-20,-20
96.85181212425232,-20,-20
96.98450589179993,-20,-20
97.11668181419373,-20,-20
97.24773859977722,-20,-20
97.38442754745483,-20,-20
97.51436161994934,-20,-20
97.65002155303955,-20,-20
97.78439807891846,-20,-20
97.9169716835022,-20,-20
98.04958891868591,-20,-20
98.1792619228363,-20,-20
98.31859755516052,-20,-20
98.44901156425476,-20,-20
98.59687042236328,-20,-20
98.71146702766418,-20,-20
98.85202932357788,0,0
98.97770619392395,0,0
99.11844801902771,0,0
99.24751162528992,0,0
99.38522839546204,0,0
99.52294826507568,-20,-20
99.64944458007812,-20,-20
99.78313446044922,0,0
99.91075849533081,0,0
100.04732012748718,0,0
100.18424844741821,-50,50
100.3143560886383,-50,50
100.44447445869446,-50,50
100.58322882652283,-50,50
100.71538472175598,-50,50
100.8508734703064,-50,50
100.98517775535583,-50,50
101.10994529724121,-50,50
101.25088405609131,-50,50
101.38107919692993,-50,50
101.51638340950012,-50,50
101.6498453617096,-50,50
101.7957489490509,-50,50
101.90704083442688,20,20
102.0448248386383,20,20
102.17840600013733,20,20
102.31434512138367,20,20
102.44438695907593,-50,50
102.58286237716675,-50,50
102.71597099304199,-50,50
102.84333896636963,-50,50
102.97654795646667,-50,50
103.11180067062378,-50,50
103.24848961830139,-50,50
103.37952160835266,-50,50
103.51573157310486,-50,50
103.63732528686523,-50,50
103.76832890510559,-50,50
103.90234088897705,-50,50
104.03830289840698,-50,50
104.19383239746094,-50,50
104.33696675300598,-50,50
104.46837091445923,-50,50
104.60346841812134,-50,50
104.73566484451294,-50,50
104.86840009689331,-50,50
105.00576519966125,-50,50
105.14180517196655,-50,50
105.27302551269531,0,0
105.4022707939148,0,0
105.53607130050659,0,0
105.67707204818726,0,0
105.80490064620972,0,0
105.93574833869934,20,20
106.07081294059753,20,20
106.20205497741699,20,20
106.33688449859619,20,20
106.46893239021301,20,20
106.6060004234314,20,20
106.73606491088867,20,20
106.86859035491943,20,20
107.00273871421814,20,20
107.13768458366394,0,0
107.26699113845825,0,0
107.3994607925415,0,0
107.53612065315247,0,0
107.66875982284546,0,0
107.80237293243408,0,0
107.9482090473175,0,0
108.06860423088074,0,0
108.20238709449768,-50,50
108.33810472488403,-50,50
108.46625685691833,-50,50
108.61569666862488,0,0
108.75329184532166,0,0
108.87690758705139,0,0
109.01143741607666,0,0
109.14927959442139,0,0
109.2750346660614,0,0
109.4118161201477,0,0
109.54132866859436,0,0
109.68011379241943,0,0
109.81454634666443,0,0
109.94313025474548,0,0
110.07812428474426,0,0
110.22114038467407,20,20
110.34549140930176,0,0
110.47283983230591,0,0
110.61501979827881,0,0
110.7416763305664,0,0
110.88226389884949,0,0
111.01111197471619,0,0
111.1406672000885,0,0
111.27621531486511,20,20
111.4128839969635,20,20
111.54318475723267,20,20
111.67709851264954,20,20
111.80995416641235,20,20
111.94391226768494,0,0
112.07557392120361,0,0
112.20864701271057,0,0
112.3437888622284,0,0
112.48988151550293,0,0
112.6128888130188,0,0
112.74910044670105,20,20
112.88012266159058,20,20
113.03310513496399,20,20
113.17237901687622,20,20
113.31281042098999,0,0
113.44858932495117,0,0
113.57751488685608,50,-50
113.70412921905518,50,-50
113.84549188613892,50,-50
113.97700333595276,-20,-20
114.1159119606018,-20,-20
114.23717474937439,50,-50
114.37363290786743,50,-50
114.50949501991272,50,-50
114.63809943199158,50,-50
114.7761480808258,50,-50
114.90728330612183,50,-50
115.03907656669617,50,-50
115.17444324493408,50,-50
115.30768132209778,50,-50
115.43865752220154,50,-50
115.57487225532532,50,-50
115.70381259918213,50,-50
115.84317302703857,-20,-20
115.96383762359619,50,-50
116.09765648841858,50,-50
116.23127841949463,50,-50
116.36791276931763,50,-50
116.49654459953308,50,-50
116.59568500518799,50,-50
116.73097133636475,50,-50
116.87649011611938,50,-50
116.99790477752686,50,-50
117.13222169876099,50,-50
117.2640073299408,50,-50
117.39533162117004,50,-50
117.53114771842957,50,-50
117.66453504562378,50,-50
117.79694533348083,50,-50
117.93464183807373,50,-50
118.06266021728516,-20,-20
118.16317296028137,-20,-20
118.2940742969513,-20,-20
118.43084239959717,-20,-20
118.56218099594116,50,-50
118.69803524017334,50,-50
118.84807896614075,50,-50
118.96236896514893,50,-50
119.09848284721375,50,-50
119.23382806777954,50,-50
119.36583828926086,50,-50
119.49699378013611,50,-50
119.63257932662964,50,-50
119.76338338851929,0,0
119.9008936882019,0,0
120.03091597557068,0,0
120.16269373893738,0,0
120.31469058990479,0,0
120.44217109680176,0,0
120.56038856506348,50,-50
120.69607925415039,50,-50
120.83218336105347,50,-50
120.97764706611633,-20,-20
121.10690140724182,-20,-20
121.23913288116455,-20,-20
121.36549544334412,-20,-20
121.50665807723999,-20,-20
121.63757348060608,-20,-20
121.77828645706177,-20,-20
121.91156530380249,50,-50
122.04463028907776,50,-50
122.17094564437866,-20,-20
122.3094892501831,-20,-20
122.44827890396118,-20,-20
122.57510805130005,-20,-20
122.70665287971497,-20,-20
122.838219165802,-20,-20
122.97515439987183,-20,-20
123.11038112640381,0,0
123.24436545372009,0,0
123.37381100654602,0,0
123.51028227806091,0,0
123.63410305976868,0,0
123.77270936965942,0,0
123.90423107147217,0,0
124.03610563278198,0,0
124.16966581344604,0,0
124.30856418609619,0,0
124.4441065788269,20,20
124.57775330543518,20,20
124.71952724456787,20,20
124.84028363227844,20,20
124.98943614959717,20,20
125.12208795547485,0,0
125.23383283615112,0,0
125.37424540519714,0,0
125.51206946372986,20,20
125.63416790962219,20,20
125.77553296089172,20,20
125.90301156044006,0,0
126.03906536102295,0,0
126.18059420585632,0,0
126.30187797546387,0,0
126.4403429031372,-20,-20
126.57385897636414,0,0
126.7065441608429,0,0
126.8359546661377,0,0
126.97514820098877,0,0
127.10236835479736,50,-50
127.23877596855164,50,-50
127.36893224716187,50,-50
127.51275682449341,50,-50
127.64435362815857,50,-50
127.76641488075256,50,-50
127.90840458869934,50,-50
128.040105342865,50,-50
128.1863191127777,50,-50
128.30544590950012,50,-50
128.43263292312622,50,-50
128.57307052612305,50,-50
128.6990716457367,50,-50
128.835351228714,50,-50
128.97530221939087,50,-50
129.10683226585388,50,-50
129.23730731010437,50,-50
129.36845302581787,50,-50
129.50634765625,-20,-20
129.6401345729828,-20,-20
129.76962995529175,-20,-20
129.90700840950012,-20,-20
130.03776741027832,-20,-20
130.16853952407837,-20,-20
130.30251264572144,-20,-20
130.43400859832764,-20,-20
130.57026171684265,-20,-20
130.7047061920166,0,0
130.83266043663025,0,0
130.97168970108032,0,0
131.12063694000244,0,0
131.23615384101868,0,0
131.37046837806702,0,0
131.50526523590088,0,0
131.63629627227783,0,0
131.77328658103943,0,0
131.89679789543152,0,0
132.0378656387329,0,0
132.16892743110657,0,0
132.30598855018616,0,0
132.43509459495544,0,0
132.5712170600891,0,0
132.70462226867676,0,0
132.83952116966248,0,0
132.9752757549286,0,0
133.1021876335144,0,0
133.2397952079773,0,0
133.37246298789978,0,0
133.50400853157043,0,0
133.63583874702454,0,0
133.7714273929596,-20,-20
133.90355801582336,-20,-20
134.0325539112091,-20,-20
134.17437410354614,-20,-20
134.29967713356018,-20,-20
134.440664768219,-20,-20
134.56153082847595,0,0
134.7012960910797,0,0
134.8525311946869,0,0
134.99329495429993,0,0
135.1225461959839,0,0
135.2579517364502,0,0
135.39104223251343,-20,-20
135.52726340293884,-20,-20
135.65707349777222,-20,-20
135.78824758529663,-20,-20
135.92414736747742,-20,-20
136.0579960346222,-20,-20
136.19384288787842,-20,-20
136.32488799095154,-20,-20
136.4583933353424,-20,-20
136.60302996635437,-20,-20
136.7279691696167,-20,-20
136.85839080810547,-20,-20
136.99198198318481,-20,-20
137.12739515304565,0,0
137.25748801231384,0,0
137.3907232284546,0,0
137.52616953849792,0,0
137.65665006637573,0,0
137.80249190330505,0,0
137.9246542453766,0,0
138.05576181411743,0,0
138.20247626304626,0,0
138.3281557559967,0,0
138.45661997795105,0,0
138.58840775489807,20,20
138.7309112548828,20,20
138.85619235038757,20,20
138.99037504196167,20,20
139.12265920639038,20,20
139.25685334205627,20,20
139.3934338092804,20,20
139.52495694160461,20,20
139.6567885875702,20,20
139.7888994216919,20,20
139.93763494491577,20,20
140.0636546611786,20,20
140.19461584091187,20,20
140.33957052230835,20,20
140.4670705795288,20,20
140.5994884967804,20,20
140.7322907447815,20,20
140.86673855781555,20,20
140.99601650238037,20,20
141.1303825378418,20,20
141.26627397537231,50,-50
141.41595792770386,50,-50
141.535546541214,50,-50
141.66483855247498,50,-50
141.7985382080078,50,-50
141.93517541885376,50,-50
142.05768013000488,50,-50
142.19475173950195,50,-50
142.33205819129944,50,-50
142.4642472267151,50,-50
142.60165119171143,50,-50
142.73714399337769,50,-50
142.8577470779419,20,20
142.9938724040985,20,20
143.1219766139984,20,20
143.2539768218994,20,20
143.38781571388245,50,-50
143.4863600730896,50,-50
143.6204059123993,50,-50
143.75911331176758,50,-50
143.8906922340393,50,-50
144.0258252620697,50,-50
144.1559133529663,50,-50
144.28638005256653,50,-50
144.42187452316284,50,-50
144.55426597595215,50,-50
144.68972611427307,50,-50
144.8201014995575,50,-50
144.95205116271973,50,-50
145.08643460273743,50,-50
145.2198030948639,50,-50
145.3564600944519,50,-50
145.48843097686768,50,-50
145.62040996551514,50,-50
145.7533106803894,50,-50
145.89001417160034,50,-50
146.0286750793457,50,-50
146.15579199790955,50,-50
146.28753232955933,50,-50
146.42116045951843,50,-50
146.55337834358215,50,-50
146.68503499031067,-20,-20
146.82626223564148,-20,-20
146.96740770339966,-20,-20
147.08838510513306,-20,-20
147.21920704841614,-20,-20
147.3528733253479,-20,-20
147.4869933128357,-20,-20
147.62116932868958,-20,-20
147.7519075870514,-20,-20
147.8993957042694,-20,-20
148.03152179718018,-20,-20
148.19745659828186,-20,-20
148.3350100517273,-20,-20
148.46194314956665,-20,-20
148.59812211990356,-20,-20
148.7354085445404,-20,-20
148.8604552745819,-20,-20
149.00430536270142,-20,-20
149.1320354938507,-20,-20
149.2593023777008,-20,-20
149.4001407623291,-20,-20
149.53031539916992,-20,-20
149.6633791923523,0,0
149.80118656158447,0,0
149.93319535255432,0,0
150.06715989112854,0,0
150.20191407203674,0,0
150.32640624046326,0,0
150.46236562728882,0,0
150.59254050254822,0,0
150.7298285961151,-20,-20
150.85721063613892,-20,-20
150.9972367286682,-20,-20
151.13169646263123,-20,-20
151.26297521591187,-20,-20
151.39572930335999,-20,-20
151.5273859500885,-20,-20
151.66175651550293,-20,-20
151.79874849319458,-20,-20
151.9223964214325,0,0
152.034250497818,0,0
152.1560184955597,0,0
152.29583740234375,0,0
152.44219970703125,0,0
152.5680000782013,0,0
152.6968493461609,0,0
152.8219985961914,-20,-20
152.95599102973938,-20,-20
153.10059809684753,-20,-20
153.23264861106873,0,0
153.3627371788025,0,0
153.49671339988708,0,0
153.6260883808136,0,0
153.76305842399597,0,0
153.88871312141418,0,0
154.03262448310852,0,0
154.1651086807251,0,0
154.2996039390564,0,0
154.4284200668335,0,0
154.56111812591553,0,0
154.699125289917,0,0
154.82977437973022,0,0
154.9609808921814,0,0
155.09665846824646,0,0
155.23128390312195,20,20
155.36739420890808,20,20
155.4970407485962,20,20
155.6267557144165,20,20
155.75847721099854,20,20
155.88885068893433,20,20
156.0312933921814,20,20
156.1629319190979,20,20
156.28853249549866,20,20
156.43096685409546,20,20
156.56168675422668,20,20
156.69380116462708,20,20
156.8293435573578,20,20
156.95692658424377,20,20
157.09455919265747,20,20
157.227281332016,20,20
157.3568058013916,20,20
157.5051772594452,20,20
157.6298599243164,20,20
157.7597939968109,20,20
157.8893105983734,20,20
158.0263168811798,20,20
158.1607003211975,0,0
158.2883176803589,0,0
158.4240927696228,0,0
158.55922961235046,50,-50
158.6943073272705,50,-50
158.83477663993835,50,-50
158.95008969306946,50,-50
159.08289456367493,50,-50
159.22248220443726,50,-50
159.34695649147034,50,-50
159.48190879821777,50,-50
159.6179358959198,50,-50
159.7509880065918,50,-50
159.8833348751068,50,-50
160.01597929000854,50,-50
160.14747714996338,50,-50
160.28734183311462,50,-50
160.41654419898987,50,-50
160.54735016822815,50,-50
160.68442106246948,50,-50
160.8172311782837,50,-50
160.95045709609985,50,-50
161.08135080337524,50,-50
161.21564173698425,50,-50
161.3470642566681,50,-50
161.47965574264526,50,-50
161.61352062225342,50,-50
161.74766325950623,50,-50
161.8463795185089,50,-50
161.98470211029053,-20,-20
162.1155605316162,-20,-20
162.24955105781555,-20,-20
162.38049340248108,-20,-20
162.51765990257263,-20,-20
162.64648699760437,-20,-20
162.74573612213135,-20,-20
162.88348031044006,-20,-20
163.01605129241943,-20,-20
163.14847707748413,-20,-20
163.2793345451355,-20,-20
163.38121700286865,0,0
163.51625752449036,0,0
163.6474494934082,0,0
163.78480339050293,0,0
163.93483114242554,0,0
164.06955790519714,0,0
164.18425703048706,0,0
164.33202505111694,0,0
164.45124125480652,0,0
164.5880537033081,0,0
164.72854351997375,0,0
164.86014485359192,0,0
164.9865915775299,-20,-20
165.1181366443634,-20,-20
165.25682187080383,-20,-20
165.38864135742188,-20,-20
165.5266420841217,-20,-20
165.6561257839203,-20,-20
165.78777813911438,-20,-20
165.9285900592804,-20,-20
166.05433011054993,-20,-20
166.19185042381287,-20,-20
166.32103896141052,0,0
166.45840334892273,0,0
166.59149050712585,0,0
166.72498869895935,0,0
166.860684633255,0,0
166.98431158065796,-50,50
167.12274289131165,-50,50
167.2537477016449,-50,50
167.405677318573,-50,50
167.53124165534973,-50,50
167.65203857421875,-50,50
167.7913076877594,-50,50
167.92256712913513,-50,50
168.05844616889954,-50,50
168.1915624141693,-50,50
168.32732439041138,-50,50
168.4542257785797,-50,50
168.5863959789276,-50,50
168.7262635231018,-50,50
168.8524649143219,-50,50
168.98973560333252,-50,50
169.1255931854248,-50,50
169.2554178237915,-50,50
169.39243483543396,-50,50
169.5212631225586,-50,50
169.6570930480957,-50,50
169.79823470115662,-50,50
169.9565303325653,-50,50
170.0891444683075,-50,50
170.22769570350647,-50,50
170.35466623306274,-50,50
170.4933478832245,-50,50
170.62132620811462,20,20
170.7560429573059,20,20
170.88188695907593,20,20
171.02276301383972,20,20
171.1546812057495,20,20
171.28937101364136,20,20
171.43051314353943,20,20
171.5607612133026,0,0
171.68945217132568,0,0
171.81913590431213,0,0
171.9555103778839,0,0
172.0848207473755,0,0
172.2170548439026,0,0
172.36677527427673,0,0
172.48954892158508,0,0
172.61435341835022,0,0
172.75175523757935,0,0
172.88751363754272,0,0
173.01761198043823,0,0
173.15711760520935,0,0
173.28178024291992,0,0
173.42331051826477,0,0
173.55224704742432,0,0
173.6890733242035,0,0
173.83170676231384,0,0
173.95857906341553,0,0
174.08684515953064,0,0
174.22986674308777,0,0
174.34880781173706,0,0
174.49415683746338,0,0
174.61879014968872,0,0
174.75497245788574,-20,-20
174.8853406906128,-20,-20
175.02328968048096,-20,-20
175.1550099849701,-20,-20
175.28684759140015,-20,-20
175.4327039718628,-20,-20
175.55068969726562,-20,-20
175.6838014125824,-20,-20
175.83432459831238,-20,-20
175.94133377075195,-20,-20
176.11275720596313,-20,-20
176.24392986297607,-20,-20
176.37682509422302,-20,-20
176.51285433769226,-20,-20
176.64300775527954,-20,-20
176.74178743362427,-20,-20
176.87464451789856,-20,-20
177.01173281669617,-20,-20
177.1440737247467,-50,50
177.28032803535461,-50,50
177.40814638137817,-50,50
177.55187129974365,-50,50
177.67550683021545,-50,50
177.8115975856781,-50,50
177.94708776474,-50,50
178.07489705085754,-50,50
178.20937776565552,-50,50
178.3414490222931,-50,50
178.47676301002502,-50,50
178.60810232162476,-50,50
178.74243807792664,-50,50
178.84133291244507,-50,50
178.97547316551208,-50,50
179.12146019935608,20,20
179.24124193191528,20,20
179.39322590827942,20,20
179.51178979873657,20,20
179.6427285671234,20,20
179.7777280807495,0,0
179.91181015968323,0,0
180.0423765182495,0,0
180.17471718788147,-50,50
180.30875253677368,-50,50
180.44222283363342,-50,50
180.57740902900696,-50,50
180.7075080871582,-50,50
180.84283709526062,-50,50
180.98414611816406,-50,50
181.1212010383606,-50,50
181.25755143165588,-50,50
181.3871591091156,-50,50
181.51724362373352,0,0
181.6545660495758,0,0
181.77877235412598,0,0
181.91854858398438,0,0
182.05379033088684,0,0
182.1862952709198,0,0
182.31167244911194,0,0
182.44676995277405,0,0
182.5869677066803,0,0
182.71449971199036,0,0
182.86060976982117,-20,-20
182.97504830360413,-20,-20
183.10646867752075,-20,-20
183.24057030677795,-20,-20
183.3723123073578,50,-50
183.50919675827026,50,-50
183.66368341445923,50,-50
183.7718951702118,50,-50
183.90516424179077,-20,-20
184.04113817214966,-20,-20
184.17559051513672,-20,-20
184.30950355529785,-20,-20
184.45627164840698,0,0
184.57256627082825,0,0
184.70741748809814,20,20
184.84580421447754,20,20
184.97744941711426,20,20
185.10875487327576,20,20
185.23947381973267,20,20
185.37616181373596,20,20
185.50880694389343,0,0
185.64122986793518,0,0
185.7734944820404,20,20
185.90763139724731,20,20
186.04176998138428,20,20
186.1742947101593,20,20
186.31079602241516,20,20
186.43829774856567,20,20
186.58360695838928,20,20
186.71336770057678,20,20
186.8389995098114,20,20
186.97359991073608,20,20
187.10504341125488,20,20
187.24024319648743,20,20
187.37241077423096,20,20
187.51232266426086,20,20
187.63865566253662,20,20
187.7720546722412,20,20
187.92568588256836,0,0
188.05041790008545,0,0
188.1840796470642,0,0
188.317316532135,0,0
188.45468592643738,0,0
188.5826780796051,0,0
188.719792842865,0,0
188.85688066482544,0,0
188.9878373146057,0,0
189.1225438117981,0,0
189.2504117488861,0,0
189.38469409942627,0,0
189.5211479663849,0,0
189.64678716659546,0,0
189.7913854122162,0,0
189.9140887260437,0,0
190.04962253570557,0,0
190.18503618240356,50,-50
190.31681752204895,50,-50
190.45319485664368,50,-50
190.58746242523193,50,-50
190.71794056892395,50,-50
190.85216736793518,50,-50
190.9837646484375,50,-50
191.11123991012573,50,-50
191.2539460659027,50,-50
191.3742320537567,50,-50
191.51717686653137,50,-50
191.64941954612732,50,-50
191.79213643074036,20,20
191.90603637695312,20,20
192.04039978981018,20,20
192.17031860351562,0,0
192.30730819702148,0,0
192.45464420318604,0,0
192.57474756240845,0,0
192.7054681777954,0,0
192.84109783172607,50,-50
192.97076797485352,50,-50
193.11301803588867,50,-50
193.24800634384155,50,-50
193.38077783584595,20,20
193.50349235534668,20,20
193.63740491867065,20,20
193.767516374588,50,-50
193.87387442588806,50,-50
194.00456023216248,50,-50
194.1351282596588,50,-50
194.23681449890137,50,-50
194.37051701545715,50,-50
194.5051589012146,50,-50
194.64029359817505,50,-50
194.76851415634155,50,-50
194.878342628479,50,-50
195.00292825698853,50,-50
195.13600945472717,50,-50
195.2694125175476,50,-50
195.4034504890442,50,-50
195.5387465953827,50,-50
195.66863465309143,50,-50
195.81180810928345,50,-50
195.93853449821472,50,-50
196.0705966949463,50,-50
196.20679450035095,50,-50
196.33553051948547,50,-50
196.47483348846436,-20,-20
196.60945773124695,-20,-20
196.75027298927307,-20,-20
196.87094163894653,-20,-20
196.97842955589294,-20,-20
197.11630630493164,-20,-20
197.24598574638367,-20,-20
197.38004112243652,0,0
197.51954007148743,0,0
197.6505470275879,0,0
197.7860074043274,0,0
197.9198887348175,0,0
198.04365801811218,0,0
198.18259525299072,0,0
198.3139832019806,-20,-20
198.44471049308777,-20,-20
198.57603812217712,-20,-20
198.71669340133667,-20,-20
198.8524739742279,-20,-20
198.96983909606934,-20,-20
199.10057497024536,0,0
199.23505210876465,0,0
199.44146823883057,0,0
199.5729672908783,0,0
199.70263242721558,0,0
199.83932495117188,0,0
199.96783208847046,0,0
200.10241675376892,0,0
200.23584532737732,0,0
200.3688178062439,0,0
200.55720138549805,0,0
200.6683361530304,0,0
200.80615901947021,0,0
200.93519234657288,0,0
201.06733989715576,0,0
201.204598903656,0,0
201.33525443077087,0,0
201.46999311447144,0,0
201.59886407852173,-20,-20
201.74945855140686,-20,-20
201.86936831474304,-20,-20
202.01250982284546,-20,-20
202.14637231826782,-20,-20
202.27091932296753,0,0
202.4027624130249,0,0
202.53682851791382,0,0
202.66902947425842,0,0
202.80344605445862,0,0
202.93517017364502,0,0
203.07464218139648,0,0
203.20100593566895,0,0
203.34280920028687,0,0
203.46820068359375,0,0
203.60170722007751,0,0
203.70096230506897,0,0
203.8516025543213,0,0
203.97590589523315,0,0
204.10475611686707,0,0
204.24317860603333,0,0
204.3792953491211,0,0
204.51115465164185,0,0
204.64424324035645,0,0
204.7766933441162,0,0
204.91639924049377,0,0
205.04853296279907,0,0
205.17929673194885,0,0
205.3099160194397,0,0
205.44616603851318,0,0
205.57639932632446,0,0
205.71158528327942,0,0
205.8463327884674,0,0
205.98607397079468,0,0
206.1094479560852,0,0
206.25135326385498,0,0
206.37337517738342,0,0
206.51015186309814,0,0
206.6422519683838,0,0
206.77890825271606,0,0
206.9045226573944,0,0
207.04366731643677,0,0
207.18089175224304,0,0
207.30016088485718,0,0
207.43167567253113,0,0
207.5673005580902,0,0
207.69945430755615,0,0
207.8326132297516,0,0
207.9641387462616,0,0
208.09938859939575,0,0
208.23893761634827,0,0
208.36601853370667,0,0
208.49829697608948,0,0
208.63572096824646,0,0
208.76726126670837,0,0
208.8970239162445,0,0
209.03340601921082,0,0
209.16870951652527,0,0
209.29978942871094,0,0
209.43194699287415,0,0
209.56417536735535,0,0
209.69811463356018,0,0
209.83191680908203,0,0
209.9708309173584,0,0
210.0985972881317,0,0
210.2332730293274,0,0
210.36411929130554,0,0
210.50708174705505,0,0
210.63105273246765,0,0
210.76377367973328,0,0
210.89597392082214,0,0
211.03429794311523,0,0
211.16899704933167,0,0
211.30098509788513,0,0
211.4401388168335,0,0
211.56419825553894,0,0
211.69850707054138,0,0
211.83467054367065,-20,-20
211.96646213531494,-20,-20
212.10059881210327,-20,-20
212.23372220993042,-20,-20
212.3735110759735,-20,-20
212.50764799118042,-20,-20
212.646723985672,-20,-20
212.77659249305725,-20,-20
212.91175246238708,-20,-20
213.04357862472534,-20,-20
213.17012119293213,-20,-20
213.30033826828003,-20,-20
213.44062519073486,-20,-20
213.56907486915588,-20,-20
213.71090984344482,-20,-20
213.83270573616028,-20,-20
213.97242140769958,-20,-20
214.1029236316681,-20,-20
214.24507784843445,-20,-20
214.37524795532227,-20,-20
214.5036644935608,-20,-20
214.63804388046265,0,0
214.7846965789795,0,0
214.89528846740723,0,0
215.03289484977722,0,0
215.16490626335144,0,0
215.29896426200867,0,0
215.43179726600647,0,0
215.56232905387878,20,20
215.6949646472931,20,20
215.82728743553162,20,20
215.96374130249023,20,20
216.09544587135315,20,20
216.23078083992004,0,0
216.36971282958984,0,0
216.4948558807373,0,0
216.63495922088623,20,20
216.76241397857666,20,20
216.8962254524231,20,20
217.02667021751404,20,20
217.1643626689911,20,20
217.30646395683289,20,20
217.42767691612244,20,20
217.56317472457886,20,20
217.69373869895935,20,20
217.82954812049866,20,20
217.96365523338318,20,20
218.0978696346283,20,20
218.23517847061157,20,20
218.36322855949402,20,20
218.4932587146759,20,20
218.59476733207703,20,20
218.69506072998047,20,20
218.83161282539368,20,20
218.96268963813782,20,20
219.0922932624817,20,20
219.19925141334534,20,20
219.33902049064636,20,20
219.46185064315796,20,20
219.56318521499634,20,20
219.66371369361877,0,0
219.7939977645874,0,0
219.9082760810852,0,0
220.04672503471375,0,0
220.18731379508972,0,0
220.30659127235413,0,0
220.4405300617218,0,0
220.56874918937683,0,0
220.7047519683838,20,20
220.83568716049194,20,20
220.97123765945435,20,20
221.1026632785797,20,20
221.23368430137634,20,20
221.37047123908997,20,20
221.51236295700073,20,20
221.64074897766113,0,0
221.76953649520874,0,0
221.89789581298828,0,0
222.02762818336487,0,0
222.1618242263794,0,0
222.2978663444519,0,0
222.4257743358612,20,20
222.56062078475952,20,20
222.69128918647766,20,20
222.82965421676636,0,0
222.95880103111267,0,0
223.09077262878418,0,0
223.22964763641357,0,0
223.35740327835083,0,0
223.46096897125244,0,0
223.59219074249268,0,0
223.72793531417847,0,0
223.86076641082764,-20,-20
223.99468302726746,-20,-20
224.13730311393738,-20,-20
224.26177430152893,-20,-20
224.39265727996826,-20,-20
224.52803134918213,-20,-20
224.66616344451904,-20,-20
224.79189276695251,-20,-20
224.92721796035767,50,-50
225.05922484397888,50,-50
225.19541263580322,50,-50
225.32699990272522,50,-50
225.4580066204071,50,-50
225.59350204467773,50,-50
225.7269389629364,-20,-20
225.86015272140503,-20,-20
225.99597096443176,50,-50
226.14428782463074,50,-50
226.26266741752625,50,-50
226.39256167411804,50,-50
226.5271396636963,50,-50
226.66034245491028,50,-50
226.79588103294373,50,-50
226.9383089542389,50,-50
227.0640208721161,50,-50
227.20865654945374,50,-50
227.3385078907013,50,-50
227.46593403816223,-20,-20
227.60375714302063,-20,-20
227.73432064056396,-20,-20
227.86875200271606,50,-50
227.98932647705078,50,-50
228.12485241889954,50,-50
228.2589373588562,0,0
228.3930308818817,0,0
228.5221667289734,0,0
228.66065049171448,0,0
228.79245471954346,0,0
228.93114638328552,0,0
229.0588779449463,0,0
229.19226002693176,0,0
229.32642602920532,50,-50
229.4569230079651,50,-50
229.59111499786377,50,-50
229.72298884391785,50,-50
229.85695552825928,50,-50
229.99002408981323,50,-50
230.12471842765808,50,-50
230.22515559196472,50,-50
230.32318711280823,50,-50
230.45784783363342,50,-50
230.58788084983826,50,-50
230.73148441314697,50,-50
230.85714292526245,50,-50
230.99281096458435,50,-50
231.12682723999023,50,-50
231.2568347454071,50,-50
231.38884139060974,50,-50
231.5228190422058,20,20
231.65656900405884,20,20
231.7908535003662,0,0
231.92557740211487,0,0
232.05617427825928,0,0
232.19190883636475,0,0
232.330881357193,0,0
232.46147441864014,0,0
232.5995945930481,0,0
232.7258768081665,0,0
232.8697395324707,0,0
233.01309490203857,0,0
233.13381004333496,0,0
233.26893591880798,0,0
233.40058636665344,0,0
233.53655886650085,0,0
233.66933584213257,0,0
233.8138828277588,0,0
233.9365518093109,0,0
234.06450533866882,0,0
234.2093644142151,0,0
234.33158016204834,0,0
234.47157835960388,0,0
234.59839868545532,20,20
234.73252129554749,20,20
234.8645899295807,20,20
234.99955821037292,0,0
235.14391112327576,0,0
235.26943469047546,50,-50
235.40841126441956,50,-50
235.53489089012146,50,-50
235.6708824634552,50,-50
235.80105805397034,50,-50
235.9275257587433,50,-50
236.06642627716064,50,-50
236.19778037071228,50,-50
236.339280128479,50,-50
236.4559042453766,50,-50
236.58844256401062,50,-50
236.72093653678894,50,-50
236.85289549827576,50,-50
236.9895613193512,50,-50
237.12061858177185,50,-50
237.26800751686096,50,-50
237.38888359069824,50,-50
237.52280116081238,50,-50
237.6547954082489,50,-50
237.78624606132507,50,-50
237.91919875144958,50,-50
238.05303144454956,50,-50
238.18852758407593,50,-50
238.31900811195374,50,-50
238.46203708648682,50,-50
238.58679270744324,50,-50
238.72219157218933,50,-50
238.85640621185303,0,0
238.98736333847046,0,0
239.12380146980286,-20,-20
239.25258350372314,-20,-20
239.3882179260254,-20,-20
239.5330548286438,-20,-20
239.6584713459015,-20,-20
239.7916293144226,-20,-20
239.92220783233643,-20,-20
240.05146074295044,-20,-20
240.19097471237183,-20,-20
240.3212730884552,-20,-20
240.4504725933075,0,0
240.588299036026,0,0
240.72273659706116,0,0
240.85581707954407,0,0
240.9888210296631,0,0
241.11907839775085,0,0
241.25345373153687,0,0
241.38672423362732,0,0
241.50056314468384,0,0
241.63097167015076,0,0
241.7613081932068,0,0
241.89477372169495,0,0
242.02787733078003,0,0
242.16902256011963,-20,-20
242.2999517917633,-20,-20
242.43157625198364,-20,-20
242.5632803440094,-20,-20
242.6928834915161,-20,-20
242.8413746356964,-20,-20
242.957293510437,-20,-20
243.0865547657013,-20,-20
243.18396592140198,-20,-20
243.3219494819641,-20,-20
243.4503571987152,-20,-20
243.58592247962952,0,0
243.72272515296936,0,0
243.85485315322876,0,0
243.98663210868835,0,0
244.12026691436768,0,0
244.2543032169342,0,0
244.3866856098175,0,0
244.5236737728119,0,0
244.65338826179504,0,0
244.78474521636963,0,0
244.9179983139038,0,0
245.05419921875,50,-50
245.1863009929657,-20,-20
245.32192301750183,-20,-20
245.45288109779358,-20,-20
245.58641982078552,-20,-20
245.71768879890442,-20,-20
245.8536822795868,-20,-20
245.98618483543396,-20,-20
246.12023305892944,-20,-20
246.2512788772583,-20,-20
246.3837308883667,0,0
246.5180218219757,0,0
246.65396928787231,0,0
246.7894275188446,0,0
246.9190182685852,0,0
247.05435347557068,0,0
247.1883466243744,0,0
247.31750798225403,0,0
247.4523947238922,0,0
247.59096693992615,-20,-20
247.71667075157166,-20,-20
247.8553056716919,-20,-20
247.99990963935852,-20,-20
248.123779296875,-20,-20
248.2692620754242,-20,-20
248.39601254463196,-20,-20
248.53220009803772,-20,-20
248.6605360507965,-20,-20
248.79647612571716,-20,-20
248.9268786907196,-20,-20
249.05689692497253,-20,-20
249.20775604248047,-20,-20
249.3599660396576,-20,-20
249.48465132713318,-20,-20
249.63327074050903,-20,-20
249.7525064945221,-20,-20
249.8921139240265,-20,-20
250.01757168769836,-20,-20
250.1497437953949,0,0
250.29193139076233,0,0
250.41660118103027,0,0
250.5499973297119,0,0
250.68411493301392,0,0
250.8180296421051,0,0
250.95564556121826,0,0
251.08493423461914,0,0
251.21700763702393,0,0
251.35147142410278,0,0
251.48437476158142,0,0
251.61683797836304,0,0
251.7493555545807,0,0
251.8821461200714,20,20
252.01631665229797,20,20
252.14976263046265,20,20
252.28264570236206,20,20
252.43408250808716,20,20
252.54845786094666,20,20
252.68270826339722,0,0
252.78279280662537,0,0
252.91678643226624,0,0
253.04996490478516,0,0
253.18438863754272,0,0
253.31598234176636,0,0
253.45009231567383,0,0
253.58358693122864,0,0
253.71948719024658,0,0
253.84970879554749,0,0
253.9832146167755,0,0
254.1160228252411,0,0
254.2657232284546,0,0
254.39371252059937,0,0
254.5227644443512,0,0
254.66093230247498,0,0
254.8025782108307,0,0
254.91377091407776,0,0
255.04958701133728,20,20
255.18627047538757,20,20
255.31725025177002,20,20
255.4484224319458,20,20
255.58314394950867,20,20
255.71488761901855,20,20
255.85851740837097,20,20
255.9797658920288,20,20
256.11312198638916,20,20
256.250394821167,0,0
256.3806047439575,0,0
256.51894068717957,0,0
256.65144515037537,0,0
256.78483605384827,0,0
256.91566252708435,0,0
257.04678678512573,0,0
257.1830668449402,20,20
257.31343936920166,20,20
257.44909262657166,20,20
257.5795912742615,20,20
257.7129383087158,20,20
257.8476560115814,20,20
257.9834270477295,20,20
258.1170618534088,20,20
258.2481167316437,20,20
258.3810758590698,0,0
258.51376509666443,0,0
258.6488227844238,0,0
258.7926468849182,0,0
258.91894340515137,0,0
259.048392534256,0,0
259.1813633441925,0,0
259.31470489501953,0,0
259.44519424438477,0,0
259.5829517841339,20,20
259.7115480899811,20,20
259.85893034935,20,20
259.9854271411896,20,20
260.1209166049957,0,0
260.26353549957275,0,0
260.3905575275421,0,0
260.526082277298,0,0
260.66107153892517,0,0
260.79323554039,0,0
260.9243552684784,20,20
261.0579619407654,20,20
261.1874747276306,20,20
261.323025226593,20,20
261.45894718170166,20,20
261.5899200439453,20,20
261.7233419418335,20,20
261.85698890686035,20,20
261.9936492443085,20,20
262.1209855079651,20,20
262.25991559028625,0,0
262.3896095752716,0,0
262.52415466308594,0,0
262.6573166847229,0,0
262.7905695438385,0,0
262.92411971092224,0,0
263.0556740760803,20,20
263.19420623779297,20,20
263.3179647922516,20,20
263.4585180282593,20,20
263.5876655578613,20,20
263.7182195186615,20,20
263.8712270259857,20,20
263.99120593070984,20,20
264.11694526672363,20,20
264.2605314254761,20,20
264.3882088661194,20,20
264.51802158355713,0,0
264.6606538295746,0,0
264.79514503479004,0,0
264.90955996513367,0,0
265.01085114479065,0,0
265.1492669582367,0,0
265.2836091518402,0,0
265.42223501205444,0,0
265.544499874115,0,0
265.67700958251953,0,0
265.8127567768097,0,0
265.9445540904999,0,0
266.08030557632446,0,0
266.2337827682495,0,0
266.34339690208435,0,0
266.48055768013,0,0
266.61076641082764,0,0
266.7427296638489,0,0
266.8787748813629,0,0
267.01092863082886,0,0
267.142676115036,0,0
267.27607464790344,0,0
267.41625905036926,0,0
267.54483938217163,0,0
267.67601561546326,0,0
267.81341648101807,0,0
267.9442501068115,0,0
268.07598662376404,0,0
268.21992015838623,0,0
268.34677386283875,0,0
268.47991132736206,0,0
268.6280131340027,0,0
268.7437205314636,0,0
268.87652707099915,0,0
269.02011585235596,0,0
269.14521050453186,0,0
269.27699303627014,0,0
269.4091889858246,0,0
269.5442440509796,0,0
